game_id,posteam,rush_rate,precipitation,week,pass_epa_game,season,weekday,surface,roof,div_game,spread_line,total_line,wind,temp,epa_rush_last3,pass_rate,epa_pass_last3,pass_rate_last3
2021_06_ARI_CLE,ARI,0.5151515151515151,noprecip,6,0.4555283380777556,2021.0,Sunday,grass ,outdoors,0.0,3.0,48.0,23.0,58.0,0.08732964405938266,0.48484848484848486,0.24801209256143233,0.5298831410718577
2021_09_ARI_SF,ARI,0.5671641791044776,lightrainsnow,9,0.563873450269778,2021.0,Sunday,grass,outdoors,1.0,5.5,44.5,8.0,57.0,0.042567088782335116,0.4328358208955224,0.2477820959340974,0.5329413538368762
2021_11_ARI_SEA,ARI,0.4025974025974026,noprecip,11,0.34292030546348623,2021.0,Sunday,fieldturf,outdoors,1.0,2.5,46.0,0.0,46.0,-0.14714319415802343,0.5974025974025974,-0.00491954852634872,0.563946988897707
2021_13_ARI_CHI,ARI,0.6730769230769231,noprecip,13,0.3945338906787119,2021.0,Sunday,grass ,outdoors,0.0,-7.5,43.5,8.0,34.0,-0.20308012611183715,0.32692307692307687,0.1033109213733693,0.5509599759106941
2022_15_ARI_DEN,ARI,0.3333333333333333,noprecip,15,-0.437540470675226,2022.0,Sunday,grass,outdoors,0.0,1.5,37.5,4.0,37.0,-0.0910065145382189,0.6666666666666667,-0.1575022025077062,0.6039604170919235
2021_05_NYJ_ATL,ATL,0.3783783783783784,noprecip,5,0.34048234730430105,2021.0,Sunday,grass,outdoors,0.0,-3.0,45.5,8.0,63.0,-0.26880706367058066,0.6216216216216216,0.07810333082619718,0.6555502506564813
2021_07_ATL_MIA,ATL,0.32786885245901637,noprecip,7,0.2726140481501164,2021.0,Sunday,grass ,outdoors,0.0,-1.5,48.5,9.0,85.0,-0.1251337476001549,0.6721311475409837,0.2537072037650026,0.6294241245303551
2021_12_ATL_JAX,ATL,0.47368421052631576,noprecip,12,0.16245908769584877,2021.0,Sunday,grass ,outdoors,0.0,-1.5,46.0,4.0,61.0,-0.3562659295882488,0.5263157894736843,-0.3037359445135519,0.607098561815543
2021_14_ATL_CAR,ATL,0.5396825396825397,noprecip,14,0.17935326962341397,2021.0,Sunday,grass ,outdoors,1.0,2.5,41.0,9.0,48.0,-0.10730467257359227,0.46031746031746035,-0.2131293945592013,0.628430049482681
2021_15_ATL_SF,ATL,0.39655172413793105,noprecip,15,-0.19773406760225665,2021.0,Sunday,grass,outdoors,0.0,9.5,48.0,0.0,46.0,0.020362409396718392,0.603448275862069,0.07146634264529385,0.5510999721526039
2021_17_ATL_BUF,ATL,0.44,rainsnow,17,-0.34685531273390485,2021.0,Sunday,a_turf,outdoors,0.0,14.0,46.5,11.0,26.0,-0.1624160774842339,0.56,0.06375210705669994,0.5591340332719644
2022_10_ATL_CAR,ATL,0.423728813559322,lightrainsnow,10,-0.2272090541741554,2022.0,Thursday,grass,outdoors,1.0,-2.5,41.5,12.0,61.0,0.044252669583312365,0.576271186440678,-0.027485101602611344,0.4089225589225589
2022_12_ATL_WAS,ATL,0.5272727272727272,rainsnow,12,-0.18154902927939306,2022.0,Sunday,grass,outdoors,0.0,3.5,40.5,9.0,46.0,0.07764527110661927,0.4727272727272728,-0.16817194508328273,0.4559792843691149
2022_16_ATL_BAL,ATL,0.4852941176470588,noprecip,16,-0.04635250617905132,2022.0,Saturday,grass,outdoors,0.0,6.5,35.0,9.0,17.0,0.20834004452963395,0.5147058823529411,-0.24879161365220404,0.4576656048354162
2021_04_BAL_DEN,BAL,0.42857142857142855,noprecip,4,0.2604627103405352,2021.0,Sunday,grass ,outdoors,0.0,1.0,44.0,11.0,77.0,-0.007067572876737177,0.5714285714285714,0.08266013954085369,0.5063025210084033
2021_05_IND_BAL,BAL,0.3561643835616438,noprecip,5,0.6909422985901645,2021.0,Monday,grass,outdoors,0.0,-7.5,46.5,6.0,69.0,0.012157300464838617,0.6438356164383562,0.14569719458374167,0.5301120448179272
2021_06_LAC_BAL,BAL,0.5454545454545454,noprecip,6,-0.11286009843451114,2021.0,Sunday,grass,outdoors,0.0,-3.0,50.5,15.0,63.0,-0.24194980465113045,0.4545454545454546,0.3898020207083661,0.6074690150032617
2021_07_CIN_BAL,BAL,0.3380281690140845,noprecip,7,-0.2883151330867829,2021.0,Sunday,grass,outdoors,1.0,-6.5,45.5,6.0,61.0,-0.11403152914942398,0.6619718309859155,0.27951497016539617,0.5566032141374607
2021_09_MIN_BAL,BAL,0.5056179775280899,noprecip,9,-0.0402043039511133,2021.0,Sunday,grass,outdoors,0.0,-7.5,51.0,8.0,56.0,-0.027797551215414513,0.4943820224719101,0.09658902235629015,0.5867843006565754
2021_10_BAL_MIA,BAL,0.3283582089552239,noprecip,10,-0.33415498752891015,2021.0,Thursday,grass ,outdoors,0.0,-8.5,46.5,4.0,77.0,0.19904762897535186,0.6716417910447761,-0.1471265118241358,0.5369664360010934
2021_11_BAL_CHI,BAL,0.4473684210526316,noprecip,11,-0.16524319629302883,2021.0,Sunday,grass ,outdoors,0.0,-5.0,43.0,9.0,46.0,0.08186636714737942,0.5526315789473684,-0.22089147485560212,0.6093318815008671
2021_12_CLE_BAL,BAL,0.5405405405405406,noprecip,12,-0.3222155105267969,2021.0,Sunday,grass,outdoors,1.0,-3.0,47.0,0.0,43.0,0.034946986866611976,0.45945945945945943,-0.17986749592435078,0.5728851308213515
2021_13_BAL_PIT,BAL,0.35714285714285715,noprecip,13,0.057878544758167054,2021.0,Sunday,grass ,outdoors,1.0,-4.0,44.0,7.0,50.0,-0.036970417711086036,0.6428571428571428,-0.27387123144957864,0.561244276483868
2021_14_BAL_CLE,BAL,0.3333333333333333,noprecip,14,-0.1280088629202465,2021.0,Sunday,grass ,outdoors,1.0,3.0,44.0,14.0,46.0,0.029852550061854378,0.6666666666666667,-0.14319338735388623,0.5516493937546568
2021_15_GB_BAL,BAL,0.373134328358209,noprecip,15,0.09162112824249063,2021.0,Sunday,grass,outdoors,0.0,9.5,45.5,11.0,43.0,0.00762339956664287,0.6268656716417911,-0.1307819428962921,0.5896610896610897
2021_16_BAL_CIN,BAL,0.2807017543859649,noprecip,16,0.34881031265192697,2021.0,Sunday,fieldturf,outdoors,1.0,7.5,43.0,0.0,52.0,0.13198420491723153,0.7192982456140351,0.007163603360137087,0.6454631603885336
2021_17_LA_BAL,BAL,0.47761194029850745,noprecip,17,-0.11053086972190979,2021.0,Sunday,grass,outdoors,0.0,7.0,47.0,6.0,59.0,-0.06534717575370641,0.5223880597014925,0.10414085932472372,0.6709435279741643
2022_11_CAR_BAL,BAL,0.4461538461538462,noprecip,11,-0.15158765219660716,2022.0,Sunday,grass,outdoors,0.0,-13.0,42.0,2.0,36.0,0.145427097738756,0.5538461538461539,-0.00745885205436946,0.4181490930695837
2022_12_BAL_JAX,BAL,0.5,noprecip,12,0.23676359115636925,2022.0,Sunday,grass,outdoors,0.0,-3.5,43.0,19.0,77.0,0.12148518216559882,0.5,0.01694636373189551,0.5006139400505597
2022_13_DEN_BAL,BAL,0.4117647058823529,noprecip,13,-0.2661668066124548,2022.0,Sunday,grass,outdoors,0.0,-9.5,40.5,8.0,63.0,0.018567383018180953,0.5882352941176471,0.08784776339158441,0.4794871794871795
2022_14_BAL_PIT,BAL,0.6666666666666666,noprecip,14,0.012682122122693443,2022.0,Sunday,grass,outdoors,1.0,1.5,37.0,12.0,42.0,-0.017152864638102762,0.33333333333333337,-0.060330289217564226,0.5473604826546002
2022_15_BAL_CLE,BAL,0.45901639344262296,noprecip,15,-0.5154059350903152,2022.0,Saturday,grass,outdoors,1.0,2.5,39.5,12.0,34.0,0.03141931442891147,0.540983606557377,-0.005573697777797357,0.47385620915032683
2022_16_ATL_BAL,BAL,0.6530612244897959,noprecip,16,-0.04056508381899016,2022.0,Saturday,grass,outdoors,0.0,-6.5,35.0,9.0,17.0,0.07694290633184238,0.34693877551020413,-0.2562968731933588,0.48751741133611914
2022_17_PIT_BAL,BAL,0.5714285714285714,noprecip,17,0.2230706536962076,2022.0,Sunday,grass,outdoors,1.0,-1.0,35.5,2.0,44.0,0.07780218968277701,0.4285714285714286,-0.18109629892887066,0.4070852384669715
2021_04_HOU_BUF,BUF,0.5428571428571428,lightrainsnow,4,0.07708427928324349,2021.0,Sunday,a_turf,outdoors,0.0,-19.0,47.5,12.0,67.0,0.11173477307706718,0.4571428571428572,0.08152823533481977,0.610643800190554
2021_05_BUF_KC,BUF,0.49019607843137253,noprecip,5,0.5551812121724644,2021.0,Sunday,grass ,outdoors,0.0,2.5,57.0,0.0,76.0,0.18407643473776034,0.5098039215686274,0.14482667534114732,0.5351766513056836
2021_06_BUF_TEN,BUF,0.3108108108108108,noprecip,6,0.29431385292886886,2021.0,Monday,grass ,outdoors,0.0,-6.0,53.5,6.0,66.0,0.10308766657619202,0.6891891891891893,0.33724366176640364,0.5223155929038282
2021_08_MIA_BUF,BUF,0.3484848484848485,noprecip,8,0.1192411350549138,2021.0,Sunday,a_turf,outdoors,1.0,-15.0,48.5,9.0,54.0,0.009250379344017234,0.6515151515151515,0.30885978146152554,0.5520453226335579
2021_09_BUF_JAX,BUF,0.2153846153846154,noprecip,9,-0.17053171948871013,2021.0,Sunday,grass ,outdoors,0.0,-14.5,48.0,16.0,59.0,-0.07221530307804516,0.7846153846153846,0.32291206671874895,0.6168360874243227
2021_10_BUF_NYJ,BUF,0.4117647058823529,noprecip,10,0.6318778884286874,2021.0,Sunday,fieldturf,outdoors,1.0,-13.0,47.0,4.0,47.0,-0.1691572400461596,0.5882352941176471,0.0810077561650241,0.7084399084399085
2021_11_IND_BUF,BUF,0.2545454545454545,noprecip,11,-0.11118463199685401,2021.0,Sunday,a_turf,outdoors,0.0,-7.5,49.5,12.0,49.0,-0.009166684521466267,0.7454545454545455,0.1935291013316303,0.6747886100827277
2021_13_NE_BUF,BUF,0.43859649122807015,noprecip,13,-0.22052813124834536,2021.0,Monday,a_turf,outdoors,1.0,-3.0,40.0,27.0,36.0,0.1739957354979771,0.5614035087719298,0.3004100654985146,0.6058536024380428
2021_14_BUF_TB,BUF,0.25,noprecip,14,-0.059679437449428996,2021.0,Sunday,grass ,outdoors,0.0,3.5,52.5,4.0,82.0,0.050004974810330706,0.75,0.016274725606170364,0.5969096739894703
2021_15_CAR_BUF,BUF,0.3968253968253968,noprecip,15,0.1813356707889059,2021.0,Sunday,a_turf,outdoors,0.0,-14.0,43.0,8.0,30.0,0.08567002451680801,0.6031746031746033,0.03344312378864537,0.5984248255046217
2021_16_BUF_NE,BUF,0.35135135135135137,noprecip,16,0.42970899038581306,2021.0,Sunday,fieldturf,outdoors,1.0,1.0,43.5,13.0,38.0,0.11272759923061937,0.6486486486486487,-0.03295729930295623,0.6381927039821776
2021_17_ATL_BUF,BUF,0.5942028985507246,rainsnow,17,-0.27260414369655406,2021.0,Sunday,a_turf,outdoors,0.0,-14.0,46.5,11.0,26.0,0.19383936137181634,0.4057971014492754,0.1837884079084299,0.6672744172744173
2022_09_BUF_NYJ,BUF,0.36065573770491804,noprecip,9,-0.32562099400171374,2022.0,Sunday,fieldturf,outdoors,1.0,-11.0,46.0,17.0,69.0,0.1937378533038913,0.639344262295082,0.22654590666780952,0.600343533639871
2022_10_MIN_BUF,BUF,0.375,noprecip,10,0.06137835749449343,2022.0,Sunday,a_turf,outdoors,0.0,-6.5,47.0,11.0,38.0,0.21510643648331765,0.625,-0.010268455138354874,0.5781641700911728
2022_13_BUF_NE,BUF,0.4852941176470588,noprecip,13,0.3357598229661557,2022.0,Thursday,fieldturf,outdoors,1.0,-3.5,43.5,2.0,35.0,0.010349002757304215,0.5147058823529411,0.0949407696322545,0.5669500145306597
2022_14_NYJ_BUF,BUF,0.4339622641509434,rainsnow,14,-0.15944528144629416,2022.0,Sunday,a_turf,outdoors,1.0,-10.0,43.5,11.0,36.0,0.09328263362802514,0.5660377358490566,0.18640125812280858,0.5301853086483067
2022_15_MIA_BUF,BUF,0.4084507042253521,noprecip,15,0.3004250245569323,2022.0,Saturday,a_turf,outdoors,1.0,-7.0,44.0,4.0,29.0,0.08072923357586094,0.5915492957746479,0.05330189711631635,0.562950575436702
2022_16_BUF_CHI,BUF,0.5254237288135594,noprecip,16,-0.09971669150503902,2022.0,Saturday,grass,outdoors,0.0,-8.0,40.0,17.0,7.0,-0.0004756111572672671,0.47457627118644063,0.15891318869226453,0.5574309713255485
2021_05_PHI_CAR,CAR,0.42857142857142855,noprecip,5,-0.4487458165560204,2021.0,Sunday,grass ,outdoors,0.0,-2.5,46.0,13.0,76.0,0.04641707370049058,0.5714285714285714,0.18709401916002202,0.5824142783263376
2021_06_MIN_CAR,CAR,0.3235294117647059,noprecip,6,-0.4708274210174476,2021.0,Sunday,grass ,outdoors,0.0,2.5,45.5,7.0,62.0,0.07552419456296583,0.6764705882352942,-0.0534555748231915,0.5902420669760441
2021_07_CAR_NYG,CAR,0.27419354838709675,noprecip,7,-0.5295837803836898,2021.0,Sunday,fieldturf,outdoors,0.0,-3.0,42.5,0.0,57.0,0.11051158547061184,0.7258064516129032,-0.3184724351891653,0.6316526610644257
2021_09_NE_CAR,CAR,0.40350877192982454,noprecip,9,-0.7206713519277567,2021.0,Sunday,grass ,outdoors,0.0,3.5,41.5,16.0,61.0,0.10508252319538007,0.5964912280701755,-0.31926762768051586,0.5847965719681785
2021_11_WAS_CAR,CAR,0.4166666666666667,noprecip,11,0.0944210566376567,2021.0,Sunday,grass ,outdoors,0.0,-3.5,43.0,0.0,54.0,-0.06616822152988876,0.5833333333333333,-0.18154774194000975,0.4733441585183617
2021_12_CAR_MIA,CAR,0.3333333333333333,noprecip,12,-0.5108821900034346,2021.0,Sunday,grass ,outdoors,0.0,-1.0,41.0,4.0,74.0,-0.013430805844193946,0.6666666666666667,-0.1642768291806542,0.5504177109440267
2021_14_ATL_CAR,CAR,0.41935483870967744,noprecip,14,-0.12585812549271674,2021.0,Sunday,grass ,outdoors,1.0,-2.5,41.0,9.0,48.0,0.06574293164130217,0.5806451612903225,-0.09434710853921352,0.5738095238095239
2021_15_CAR_BUF,CAR,0.410958904109589,noprecip,15,-0.3526607921301643,2021.0,Sunday,a_turf,outdoors,0.0,14.0,43.0,8.0,30.0,0.021939871662906358,0.589041095890411,-0.18077308628616498,0.6102150537634409
2021_16_TB_CAR,CAR,0.22388059701492538,noprecip,16,-0.40806247532066797,2021.0,Sunday,grass,outdoors,1.0,11.5,44.5,8.0,73.0,-0.043085311959099946,0.7761194029850746,-0.329800369208772,0.6121176412824668
2022_09_CAR_CIN,CAR,0.375,noprecip,9,-0.051830589566573576,2022.0,Sunday,fieldturf,outdoors,0.0,7.0,43.0,11.0,68.0,0.03166279685156118,0.625,-0.09908766549758365,0.49829457364341084
2022_10_ATL_CAR,CAR,0.734375,lightrainsnow,10,-0.08451880004630645,2022.0,Thursday,grass,outdoors,1.0,2.5,41.5,12.0,61.0,0.07263204083106099,0.265625,0.07128087948006477,0.5283333333333333
2022_11_CAR_BAL,CAR,0.3148148148148148,noprecip,11,-0.49530614723256344,2022.0,Sunday,grass,outdoors,0.0,13.0,42.0,2.0,36.0,0.10137578058290848,0.6851851851851851,-0.03325255386962068,0.4635416666666667
2022_12_DEN_CAR,CAR,0.703125,noprecip,12,0.2748763404182073,2022.0,Sunday,grass,outdoors,0.0,1.0,36.5,15.0,66.0,-0.025037540290408982,0.296875,-0.21055184561514792,0.5252700617283951
2022_14_CAR_SEA,CAR,0.6338028169014085,noprecip,14,-0.10293510576466494,2022.0,Sunday,fieldturf,outdoors,0.0,3.5,44.5,4.0,45.0,-0.02909489361373166,0.3661971830985915,-0.10164953562022093,0.415895061728395
2022_15_PIT_CAR,CAR,0.38095238095238093,noprecip,15,0.3906892128095063,2022.0,Sunday,grass,outdoors,0.0,-2.5,36.5,7.0,47.0,0.03131955807933539,0.6190476190476191,-0.10778830419300711,0.4494191227612589
2022_16_DET_CAR,CAR,0.65625,noprecip,16,0.6502571991769538,2022.0,Saturday,grass,outdoors,0.0,2.5,43.5,12.0,20.0,-0.06885690406178431,0.34375,0.1875434824876828,0.4273732673820702
2022_17_CAR_TB,CAR,0.3728813559322034,noprecip,17,0.20825464849759875,2022.0,Sunday,grass,outdoors,1.0,3.5,40.5,2.0,75.0,0.02373749179828648,0.6271186440677966,0.31267043540726497,0.4429982673820702
2021_04_DET_CHI,CHI,0.6727272727272727,noprecip,4,0.17862563443153773,2021.0,Sunday,grass ,outdoors,1.0,-3.0,42.0,4.0,72.0,-0.11438137186824597,0.32727272727272727,-0.4197191716394702,0.5930606125508674
2021_06_GB_CHI,CHI,0.45614035087719296,noprecip,6,-0.13628293390408355,2021.0,Sunday,grass ,outdoors,1.0,5.5,44.0,6.0,59.0,-0.08144807810941204,0.543859649122807,-0.09526940620430295,0.46354342456037373
2021_07_CHI_TB,CHI,0.4461538461538462,rainsnow,7,-0.7080350843171945,2021.0,Sunday,grass ,outdoors,0.0,12.5,47.0,7.0,83.0,0.08030682413010319,0.5538461538461539,0.11032907040463114,0.41467124410924594
2021_08_SF_CHI,CHI,0.5373134328358209,noprecip,8,0.08759469177712159,2021.0,Sunday,grass ,outdoors,0.0,4.5,40.0,12.0,53.0,-0.01958424086296089,0.4626865671641791,-0.18522450251161296,0.49019571963372144
2021_09_CHI_PIT,CHI,0.4482758620689655,noprecip,9,0.14033821904865454,2021.0,Monday,grass ,outdoors,0.0,7.0,40.0,7.0,55.0,0.0666194477075524,0.5517241379310345,-0.2522411088147189,0.52013079004438
2021_11_BAL_CHI,CHI,0.3448275862068966,noprecip,11,0.027897326328938734,2021.0,Sunday,grass ,outdoors,0.0,5.0,43.0,9.0,46.0,0.029263983976243555,0.6551724137931034,-0.16003405783047284,0.5227522863137891
2021_13_ARI_CHI,CHI,0.375,noprecip,13,-0.3400358410781716,2021.0,Sunday,grass ,outdoors,0.0,7.5,43.5,8.0,34.0,-0.13457071257752426,0.625,0.1556989099077344,0.6043190525949146
2021_14_CHI_GB,CHI,0.39655172413793105,noprecip,14,-0.3225200159714987,2021.0,Sunday,grass ,outdoors,1.0,11.5,43.0,8.0,36.0,-0.1274101843870791,0.603448275862069,-0.004425776801207648,0.6287443399512366
2021_15_MIN_CHI,CHI,0.4057971014492754,noprecip,15,-0.0700427322464465,2021.0,Monday,grass,outdoors,1.0,7.0,48.0,8.0,37.0,-0.01798577460994233,0.5942028985507246,-0.12123155756802012,0.6115029606408916
2021_16_CHI_SEA,CHI,0.42028985507246375,rainsnow,16,0.1384795595545851,2021.0,Sunday,fieldturf,outdoors,0.0,7.0,41.0,11.0,25.0,-0.005149759179775892,0.5797101449275363,-0.2441995297653723,0.6075503914709312
2021_17_NYG_CHI,CHI,0.421875,noprecip,17,-0.22043805108869996,2021.0,Sunday,grass,outdoors,0.0,-7.0,36.5,13.0,25.0,-0.04887476008416619,0.578125,-0.08469439622112007,0.5924537731134433
2022_09_MIA_CHI,CHI,0.5571428571428572,noprecip,9,0.013659418599530295,2022.0,Sunday,grass,outdoors,0.0,4.0,46.0,17.0,58.0,0.20301998718273453,0.44285714285714284,-0.2391735738305326,0.4123486202104427
2022_10_DET_CHI,CHI,0.603448275862069,lightrainsnow,10,-0.1629809581689816,2022.0,Sunday,grass,outdoors,1.0,-3.0,48.5,13.0,34.0,0.24761666620348668,0.39655172413793105,-0.08483939380263515,0.40537829584881396
2022_12_CHI_NYJ,CHI,0.509090909090909,rainsnow,12,-0.26106851464139375,2022.0,Sunday,fieldturf,outdoors,0.0,8.5,36.5,9.0,50.0,0.18363329075347679,0.49090909090909096,-0.030142920501179105,0.40606558192765085
2022_13_GB_CHI,CHI,0.4897959183673469,noprecip,13,-0.02553142741720464,2022.0,Sunday,grass,outdoors,1.0,4.0,45.0,12.0,38.0,0.12144112453334843,0.5102040816326531,-0.12171889824815378,0.4220828979449669
2022_15_PHI_CHI,CHI,0.5087719298245614,noprecip,15,-0.16555167185184214,2022.0,Sunday,grass,outdoors,0.0,8.5,48.0,17.0,17.0,0.13769295322909036,0.49122807017543857,-0.07590238799756148,0.45996701710987425
2022_16_BUF_CHI,CHI,0.5,noprecip,16,-0.30836980408671405,2022.0,Saturday,grass,outdoors,0.0,8.0,40.0,17.0,7.0,0.10726828987872372,0.5,-0.15071720463681354,0.4974470809057276
2021_04_JAX_CIN,CIN,0.4,noprecip,4,0.5330152362766191,2021.0,Thursday,fieldturf,outdoors,0.0,-7.5,46.0,0.0,65.0,-0.16383368310215352,0.6,0.05296733918824764,0.5201962216887591
2021_05_GB_CIN,CIN,0.36363636363636365,noprecip,5,0.05714704773016318,2021.0,Sunday,fieldturf,outdoors,0.0,2.0,50.0,12.0,76.0,-0.1023073089920604,0.6363636363636364,0.1878351317914285,0.565967365967366
2021_07_CIN_BAL,CIN,0.3870967741935484,noprecip,7,0.5182728938451554,2021.0,Sunday,grass,outdoors,1.0,6.5,45.5,6.0,61.0,-0.007474069299801004,0.6129032258064516,0.3233549147512307,0.5762237762237762
2021_08_CIN_NYJ,CIN,0.2830188679245283,noprecip,8,0.07567616666289666,2021.0,Sunday,fieldturf,outdoors,0.0,-11.5,43.5,11.0,63.0,-0.026926360555138557,0.7169811320754718,0.31844080060740937,0.5805248514925935
2021_09_CLE_CIN,CIN,0.3380281690140845,noprecip,9,-0.4227262905743507,2021.0,Sunday,fieldturf,outdoors,1.0,-2.5,47.5,0.0,56.0,-0.04196527187227161,0.6619718309859155,0.3246171735849872,0.6073973500632052
2021_12_PIT_CIN,CIN,0.5846153846153846,noprecip,12,0.04428292836597792,2021.0,Sunday,fieldturf,outdoors,1.0,-3.5,43.5,12.0,43.0,-0.08784272540565972,0.41538461538461535,-0.08664908296012074,0.6120319400680815
2021_13_LAC_CIN,CIN,0.3611111111111111,noprecip,13,-0.13025330209241237,2021.0,Sunday,fieldturf,outdoors,0.0,-2.5,49.5,11.0,48.0,0.048423450213301196,0.6388888888888888,-0.09711349572576032,0.511499767837796
2021_14_SF_CIN,CIN,0.390625,noprecip,14,0.2782549130921852,2021.0,Sunday,fieldturf,outdoors,0.0,2.5,49.0,9.0,48.0,-0.10195508239058317,0.609375,0.0003775004348857876,0.5038054538054538
2021_15_CIN_DEN,CIN,0.49019607843137253,noprecip,15,-0.2201540913096906,2021.0,Sunday,grass,outdoors,0.0,3.0,45.0,19.0,61.0,-0.13574637841838189,0.5098039215686274,0.06409484645525017,0.5545495014245013
2021_16_BAL_CIN,CIN,0.2898550724637681,noprecip,16,0.6624967143445266,2021.0,Sunday,fieldturf,outdoors,1.0,-7.5,43.0,0.0,52.0,-0.18182716691365633,0.7101449275362319,-0.024050826769972666,0.5860226034858388
2021_17_KC_CIN,CIN,0.29508196721311475,noprecip,17,0.5560286491033496,2021.0,Sunday,fieldturf,outdoors,0.0,3.5,51.0,13.0,33.0,0.03914668811979923,0.7049180327868853,0.24019917870900698,0.6097746163682864
2022_08_CIN_CLE,CIN,0.2,noprecip,8,-0.23119714039224143,2022.0,Monday,grass,outdoors,1.0,-3.0,45.0,9.0,66.0,0.1959310157352394,0.8,0.2187539189742189,0.6985449160590403
2022_09_CAR_CIN,CIN,0.5285714285714286,noprecip,9,0.3045284086345308,2022.0,Sunday,fieldturf,outdoors,0.0,-7.0,43.0,11.0,68.0,0.16364061358020623,0.4714285714285714,0.20273019383309973,0.750522317188984
2022_11_CIN_PIT,CIN,0.3492063492063492,noprecip,11,0.3101527482177169,2022.0,Sunday,grass,outdoors,1.0,-3.5,39.0,12.0,27.0,0.17581353551474277,0.6507936507936508,0.2246336816089893,0.6545787545787546
2022_12_CIN_TEN,CIN,0.3870967741935484,noprecip,12,0.15052352900978266,2022.0,Sunday,grass,outdoors,0.0,-1.0,43.0,14.0,56.0,0.12582565766093973,0.6129032258064516,0.12782800548666862,0.6407407407407407
2022_13_KC_CIN,CIN,0.5,noprecip,13,0.6172942149031725,2022.0,Sunday,fieldturf,outdoors,0.0,2.5,53.0,2.0,57.0,0.14718261885840855,0.5,0.25506822862067663,0.5783751493428912
2022_14_CLE_CIN,CIN,0.39655172413793105,noprecip,14,-0.08841091334459306,2022.0,Sunday,fieldturf,outdoors,1.0,-4.5,47.0,8.0,47.0,-0.03764673160469556,0.603448275862069,0.35932349737689057,0.5878989588667007
2022_15_CIN_TB,CIN,0.3114754098360656,noprecip,15,0.0558492271571529,2022.0,Sunday,grass,outdoors,0.0,-3.5,47.0,6.0,66.0,0.08194728446085012,0.6885245901639344,0.22646894352278724,0.5721171672228401
2022_16_CIN_NE,CIN,0.3076923076923077,noprecip,16,0.1290588077495013,2022.0,Saturday,fieldturf,outdoors,0.0,-3.0,42.0,2.0,21.0,-0.016086623151943525,0.6923076923076923,0.19491084290524396,0.5973242886753345
2021_06_ARI_CLE,CLE,0.34545454545454546,noprecip,6,-0.27721044457252453,2021.0,Sunday,grass ,outdoors,0.0,-3.0,48.0,23.0,58.0,0.14131018042791646,0.6545454545454545,0.03828647654168732,0.48176470588235293
2021_07_DEN_CLE,CLE,0.48484848484848486,noprecip,7,0.14013061860181875,2021.0,Thursday,grass ,outdoors,0.0,-2.0,40.5,27.0,59.0,0.01235446319918998,0.5151515151515151,-0.035088482776650255,0.5443909685086156
2021_08_PIT_CLE,CLE,0.39655172413793105,noprecip,8,-0.05547205639803752,2021.0,Sunday,grass ,outdoors,1.0,-5.5,43.0,13.0,57.0,0.11574232654656678,0.603448275862069,0.06624281165434837,0.5516636957813429
2021_09_CLE_CIN,CLE,0.5,noprecip,9,0.4539470266732249,2021.0,Sunday,fieldturf,outdoors,1.0,2.5,47.5,0.0,56.0,-0.032714366106967964,0.5,-0.06418396078958113,0.5910484151863463
2021_10_CLE_NE,CLE,0.3448275862068966,noprecip,10,-0.2503216214949804,2021.0,Sunday,fieldturf,outdoors,0.0,2.5,45.5,6.0,48.0,0.10953253698909633,0.6551724137931034,0.17953519629233536,0.5395332636711947
2021_11_DET_CLE,CLE,0.53125,lightrainsnow,11,-0.2380761088375696,2021.0,Sunday,grass ,outdoors,0.0,-13.0,42.5,7.0,42.0,-0.016129832968655496,0.46875,0.04938444959340229,0.5862068965517241
2021_12_CLE_BAL,CLE,0.2982456140350877,noprecip,12,-0.1727910563369853,2021.0,Sunday,grass,outdoors,1.0,3.0,47.0,0.0,43.0,0.07268941775310332,0.7017543859649122,-0.011483567886441745,0.5413074712643677
2021_14_BAL_CLE,CLE,0.4576271186440678,noprecip,14,-0.05841913656826006,2021.0,Sunday,grass ,outdoors,1.0,-3.0,44.0,14.0,46.0,-0.07112005325661996,0.5423728813559322,-0.22039626222317846,0.6085589332526719
2021_15_LV_CLE,CLE,0.4528301886792453,noprecip,15,0.0794131398683087,2021.0,Monday,grass,outdoors,0.0,3.0,41.0,8.0,40.0,-0.08327178323527533,0.5471698113207547,-0.15642876724760504,0.5709590891069481
2021_16_CLE_GB,CLE,0.36363636363636365,noprecip,16,-0.044066592834228084,2021.0,Saturday,grass,outdoors,0.0,7.5,46.5,11.0,35.0,-0.16118340001052586,0.6363636363636364,-0.05059901767897893,0.5970990262138663
2021_17_CLE_PIT,CLE,0.29850746268656714,noprecip,17,-0.3350163708847176,2021.0,Monday,grass,outdoors,1.0,-1.0,43.5,12.0,25.0,0.09154397932016528,0.7014925373134329,-0.007690863178059862,0.5753021096801078
2022_08_CIN_CLE,CLE,0.6417910447761194,noprecip,8,0.3747514463738058,2022.0,Monday,grass,outdoors,1.0,3.0,45.0,9.0,66.0,-0.039081424734320046,0.35820895522388063,-0.004918262773028573,0.609933204050851
2022_10_CLE_MIA,CLE,0.3770491803278688,noprecip,10,-0.1578849274502562,2022.0,Sunday,grass,outdoors,0.0,3.0,49.0,7.0,85.0,-0.0470779998518406,0.6229508196721312,0.051494145001769055,0.5549772147665036
2022_12_TB_CLE,CLE,0.4533333333333333,rainsnow,12,-0.14095130167080067,2022.0,Sunday,grass,outdoors,0.0,3.0,42.0,14.0,56.0,-0.11778535319484719,0.5466666666666666,0.21329061675138652,0.5360084821792676
2022_14_CLE_CIN,CLE,0.36231884057971014,noprecip,14,-0.20571008949402536,2022.0,Sunday,fieldturf,outdoors,1.0,4.5,47.0,8.0,47.0,-0.11365860904000252,0.6376811594202898,-0.06308299110735209,0.5233613541487964
2022_15_BAL_CLE,CLE,0.4918032786885246,noprecip,15,-0.09173296597152364,2022.0,Saturday,grass,outdoors,1.0,-2.5,39.5,12.0,34.0,0.04247233680162397,0.5081967213114754,-0.2726547980488973,0.5269665167416292
2022_16_NO_CLE,CLE,0.5074626865671642,noprecip,16,-0.46886448661358565,2022.0,Saturday,grass,outdoors,0.0,-3.0,32.0,27.0,6.0,0.019560462511370873,0.4925373134328358,-0.25624868614913826,0.5141432016232321
2022_17_CLE_WAS,CLE,0.54,noprecip,17,0.34413185750758707,2022.0,Sunday,grass,outdoors,0.0,1.0,41.5,9.0,59.0,0.029216556698874806,0.45999999999999996,-0.2554358473597116,0.546138398054867
2021_06_DAL_NE,DAL,0.37349397590361444,noprecip,6,0.43260814639319756,2021.0,Sunday,fieldturf,outdoors,0.0,-3.5,50.5,11.0,62.0,0.05187991696229494,0.6265060240963856,0.3310144249066951,0.4475736240442123
2021_11_DAL_KC,DAL,0.25,noprecip,11,-0.32161215781514657,2021.0,Sunday,grass ,outdoors,0.0,2.5,56.0,17.0,57.0,-0.13867711703875016,0.75,0.16688852065747653,0.6139913592555666
2021_14_DAL_WAS,DAL,0.4342105263157895,noprecip,14,-0.2620031322310243,2021.0,Sunday,grass ,outdoors,1.0,-6.5,48.0,17.0,48.0,-0.03382803325358436,0.5657894736842105,-0.12006437660365221,0.703763440860215
2021_15_DAL_NYG,DAL,0.4117647058823529,noprecip,15,0.00886021817413607,2021.0,Sunday,fieldturf,outdoors,1.0,-11.5,43.0,8.0,37.0,-0.00471068960714156,0.5882352941176471,-0.1001947014089448,0.6423599320882852
2022_10_DAL_GB,DAL,0.3924050632911392,noprecip,10,-0.1395267999875315,2022.0,Sunday,grass,outdoors,0.0,-3.5,44.5,8.0,33.0,0.14392871162722198,0.6075949367088608,0.15660103330382855,0.5255083732057416
2022_15_DAL_JAX,DAL,0.5540540540540541,noprecip,15,0.12192134536665053,2022.0,Sunday,grass,outdoors,0.0,-4.0,48.5,9.0,54.0,0.11854527008308895,0.44594594594594594,0.12451528485424602,0.49915117562176387
2022_17_DAL_TEN,DAL,0.43243243243243246,rainsnow,17,0.24998091211211926,2022.0,Thursday,grass,outdoors,0.0,-14.0,41.0,4.0,56.0,-0.0024388926175154973,0.5675675675675675,0.05654307960521934,0.5343629343629344
2021_04_BAL_DEN,DEN,0.288135593220339,noprecip,4,-0.39112346699125927,2021.0,Sunday,grass ,outdoors,0.0,-1.0,44.0,11.0,77.0,-0.11110908997639794,0.711864406779661,0.3881468658087323,0.5245199245199245
2021_05_DEN_PIT,DEN,0.3050847457627119,noprecip,5,0.17737273717151675,2021.0,Sunday,grass ,outdoors,0.0,-2.0,40.0,9.0,71.0,-0.04789393760238556,0.6949152542372881,0.09760986482635138,0.5698888681939529
2021_06_LV_DEN,DEN,0.2987012987012987,noprecip,6,0.0715010256548344,2021.0,Sunday,grass ,outdoors,1.0,-5.0,45.5,8.0,76.0,-0.04015895948908292,0.7012987012987013,0.07608333616405151,0.6117836965294593
2021_07_DEN_CLE,DEN,0.2857142857142857,noprecip,7,0.18075870296951138,2021.0,Thursday,grass ,outdoors,0.0,2.0,40.5,27.0,59.0,0.02072280629654356,0.7142857142857143,-0.047416568054969375,0.7026927874385501
2021_08_WAS_DEN,DEN,0.4117647058823529,noprecip,8,0.12022642172320537,2021.0,Sunday,grass ,outdoors,0.0,-4.0,45.0,4.0,41.0,-0.06819253529497704,0.5882352941176471,0.1432108219319542,0.7034998899405679
2021_10_PHI_DEN,DEN,0.32727272727272727,noprecip,10,-0.14229233035415897,2021.0,Sunday,grass ,outdoors,0.0,-1.0,44.5,19.0,57.0,0.007562828295679068,0.6727272727272727,0.19180294877798545,0.5869514472455649
2021_12_LAC_DEN,DEN,0.5614035087719298,noprecip,12,0.10282837536651637,2021.0,Sunday,grass ,outdoors,1.0,2.5,47.5,0.0,62.0,-0.13879579402120296,0.4385964912280702,0.08411927100342868,0.573098633392751
2021_13_DEN_KC,DEN,0.4246575342465753,noprecip,13,-0.2602451944337582,2021.0,Sunday,grass ,outdoors,1.0,8.5,46.5,22.0,58.0,-0.09898301971861738,0.5753424657534247,0.07831992221786566,0.5232190324295587
2021_14_DET_DEN,DEN,0.6,noprecip,14,0.3423694003677855,2021.0,Sunday,grass ,outdoors,0.0,-13.0,42.0,8.0,63.0,-0.11047165998061143,0.4,-0.0999030498071336,0.5622220765695892
2021_15_CIN_DEN,DEN,0.4788732394366197,noprecip,15,-0.21882908706088094,2021.0,Sunday,grass,outdoors,0.0,-3.0,45.0,19.0,61.0,0.12325045617867647,0.5211267605633803,0.06165086043351456,0.4713129856604983
2022_10_DEN_TEN,DEN,0.3333333333333333,noprecip,10,-0.13066444169816602,2022.0,Sunday,grass,outdoors,0.0,2.5,40.0,9.0,36.0,-0.036199541675114445,0.6666666666666667,-0.13294111846404053,0.5806060606060606
2022_11_LV_DEN,DEN,0.45161290322580644,noprecip,11,0.04301647241720799,2022.0,Sunday,grass,outdoors,1.0,-2.5,41.5,11.0,49.0,-0.05103059071541142,0.5483870967741935,-0.10538507253192653,0.6088888888888889
2022_12_DEN_CAR,DEN,0.3333333333333333,noprecip,12,-0.37345787202269587,2022.0,Sunday,grass,outdoors,0.0,-1.0,36.5,15.0,66.0,-0.08008451963270542,0.6666666666666667,-0.00040311429752867833,0.5827956989247313
2022_13_DEN_BAL,DEN,0.5384615384615384,noprecip,13,0.03323558650395997,2022.0,Sunday,grass,outdoors,0.0,9.5,40.5,8.0,63.0,-0.07964131336532242,0.46153846153846156,-0.15370194710121798,0.6272401433691757
2022_14_KC_DEN,DEN,0.2753623188405797,noprecip,14,-0.1757008208724438,2022.0,Sunday,grass,outdoors,1.0,8.5,44.5,4.0,55.0,-0.13478281255715172,0.7246376811594203,-0.09906860436717597,0.5588640749931072
2022_15_ARI_DEN,DEN,0.49230769230769234,noprecip,15,-0.1819408004584796,2022.0,Sunday,grass,outdoors,0.0,-1.5,37.5,4.0,37.0,-0.07376189264694845,0.5076923076923077,-0.17197436879705993,0.6176142697881829
2022_17_DEN_KC,DEN,0.36363636363636365,noprecip,17,-0.29763024759033485,2022.0,Sunday,grass,outdoors,1.0,13.5,46.0,2.0,47.0,0.07183264117792196,0.6363636363636364,-0.2613270722216073,0.6312067704774577
2021_04_DET_CHI,DET,0.373134328358209,noprecip,4,0.11390416095604283,2021.0,Sunday,grass ,outdoors,1.0,3.0,42.0,4.0,72.0,-0.052928280869952916,0.6268656716417911,-0.01944657103698313,0.6438815060908084
2021_10_DET_PIT,DET,0.5735294117647058,noprecip,10,-0.4191998990833714,2021.0,Sunday,grass ,outdoors,0.0,9.0,43.0,12.0,37.0,-0.08837461524793692,0.42647058823529416,-0.1976723698405006,0.6563546854183141
2021_11_DET_CLE,DET,0.5,lightrainsnow,11,-0.5312590023487529,2021.0,Sunday,grass ,outdoors,0.0,13.0,42.5,7.0,42.0,0.01987910825491912,0.5,-0.2871160692417485,0.5635388705677838
2021_14_DET_DEN,DET,0.3387096774193548,noprecip,14,-0.20850628103696917,2021.0,Sunday,grass ,outdoors,0.0,13.0,42.0,8.0,63.0,-0.14006935026126807,0.6612903225806452,-0.13258658956102334,0.562157809983897
2021_17_DET_SEA,DET,0.36666666666666664,rainsnow,17,0.19466188373825766,2021.0,Sunday,fieldturf,outdoors,0.0,8.5,41.5,0.0,37.0,-0.08790000448057818,0.6333333333333333,0.13889772256484942,0.5425363693864643
2022_10_DET_CHI,DET,0.5172413793103449,lightrainsnow,10,0.6298822451875538,2022.0,Sunday,grass,outdoors,1.0,3.0,48.5,13.0,34.0,-0.14837193549209968,0.48275862068965514,-0.013897566441854206,0.5587928153717628
2022_11_DET_NYG,DET,0.5666666666666667,noprecip,11,0.1075597396135112,2022.0,Sunday,fieldturf,outdoors,0.0,3.0,44.0,21.0,35.0,-0.09978260946292179,0.43333333333333335,0.2674312719135574,0.5351885460778383
2022_15_DET_NYJ,DET,0.42424242424242425,noprecip,15,0.30839441706521065,2022.0,Sunday,fieldturf,outdoors,0.0,2.0,44.0,13.0,38.0,-0.030187297842695412,0.5757575757575757,0.3380873269391094,0.5786563417637586
2022_16_DET_CAR,DET,0.2903225806451613,noprecip,16,0.311883774072806,2022.0,Saturday,grass,outdoors,0.0,-2.5,43.5,12.0,20.0,-0.10456235528588838,0.7096774193548387,0.39249888401351796,0.5793990630947152
2021_04_PIT_GB,GB,0.44285714285714284,noprecip,4,0.0917616720637553,2021.0,Sunday,grass ,outdoors,0.0,-6.5,45.0,4.0,67.0,-0.0653117796979746,0.5571428571428572,0.10961209028220031,0.5997525865946919
2021_05_GB_CIN,GB,0.3548387096774194,noprecip,5,0.21718443923320646,2021.0,Sunday,fieldturf,outdoors,0.0,-2.0,50.0,12.0,76.0,-0.021216677817920637,0.6451612903225806,0.30109573522779054,0.5482873851294904
2021_06_GB_CHI,GB,0.5094339622641509,noprecip,6,0.26124714212617034,2021.0,Sunday,grass ,outdoors,1.0,-5.5,44.0,6.0,59.0,-0.015592667042444637,0.49056603773584906,0.17826294131644485,0.5879025520791226
2021_07_WAS_GB,GB,0.2830188679245283,noprecip,7,0.28664824788333915,2021.0,Sunday,grass ,outdoors,0.0,-8.5,48.0,11.0,49.0,0.06363633487022301,0.7169811320754718,0.1900644178077108,0.5642900617337623
2021_09_GB_KC,GB,0.4166666666666667,noprecip,9,-0.022772105821733772,2021.0,Sunday,grass ,outdoors,0.0,7.0,48.0,12.0,51.0,-0.010660977330100435,0.5833333333333333,0.1951727143107267,0.5809194791389848
2021_10_SEA_GB,GB,0.45714285714285713,noprecip,10,0.04488781603452399,2021.0,Sunday,grass ,outdoors,0.0,-3.0,49.5,11.0,35.0,-0.07953911145197708,0.5428571428571429,0.10049963166142535,0.611841911004813
2021_12_LA_GB,GB,0.3974358974358974,noprecip,12,0.17878103730276335,2021.0,Sunday,grass ,outdoors,0.0,2.0,47.0,14.0,37.0,0.04757865269871062,0.6025641025641026,0.2288992106735612,0.5955226115603475
2021_14_CHI_GB,GB,0.3548387096774194,noprecip,14,0.3961309279515186,2021.0,Sunday,grass ,outdoors,1.0,-11.5,43.0,8.0,36.0,0.013472381939031136,0.6451612903225806,0.2960835917150602,0.6019328679706039
2021_15_GB_BAL,GB,0.40350877192982454,noprecip,15,0.5639465352451982,2021.0,Sunday,grass,outdoors,0.0,-9.5,45.5,11.0,43.0,0.04600673567084165,0.5964912280701755,0.4131646290207251,0.6360342504590831
2021_16_CLE_GB,GB,0.40350877192982454,noprecip,16,0.16823162193636704,2021.0,Saturday,grass,outdoors,0.0,-7.5,46.5,11.0,35.0,0.05128387827630737,0.5964912280701755,0.3796195001664935,0.6147388736522862
2021_17_MIN_GB,GB,0.4246575342465753,noprecip,17,0.2348039066759297,2021.0,Sunday,grass,outdoors,1.0,-13.0,42.0,9.0,11.0,0.13071146946167198,0.5753424657534247,0.3761030283776947,0.6127145821543105
2022_10_DAL_GB,GB,0.6333333333333333,noprecip,10,0.31260561716854124,2022.0,Sunday,grass,outdoors,0.0,3.5,44.5,8.0,33.0,0.08383889312920141,0.3666666666666667,-0.14266120864810203,0.6330802852541982
2022_11_TEN_GB,GB,0.31666666666666665,noprecip,11,0.06609960167950539,2022.0,Thursday,grass,outdoors,0.0,-3.0,40.5,11.0,25.0,0.19056938643711138,0.6833333333333333,-0.010697602273415522,0.5089256958822176
2022_12_GB_PHI,GB,0.4166666666666667,noprecip,12,0.2693936976766972,2022.0,Sunday,grass,outdoors,0.0,6.5,46.0,24.0,62.0,0.05926814116146103,0.5833333333333333,0.025919218187240873,0.5673913043478261
2022_13_GB_CHI,GB,0.4838709677419355,noprecip,13,0.14331140020364166,2022.0,Sunday,grass,outdoors,1.0,-4.0,45.0,12.0,38.0,0.012793508506371953,0.5161290322580645,0.21603297217491468,0.5444444444444444
2022_15_LA_GB,GB,0.49230769230769234,noprecip,15,0.031033291088334285,2022.0,Monday,grass,outdoors,0.0,-8.0,39.5,4.0,15.0,0.026626548307065706,0.5076923076923077,0.15960156651994817,0.5942652329749104
2022_16_GB_MIA,GB,0.3548387096774194,noprecip,16,0.05288991429598818,2022.0,Sunday,grass,outdoors,0.0,3.5,49.0,14.0,45.0,0.132284567745349,0.6451612903225806,0.14791279632289112,0.5357182244279018
2022_17_MIN_GB,GB,0.5423728813559322,noprecip,17,0.0488390623100304,2022.0,Sunday,grass,outdoors,1.0,-3.0,47.5,7.0,39.0,0.07426522489471728,0.4576271186440678,0.07574486852932145,0.5563275434243176
2021_04_HOU_BUF,HOU,0.42857142857142855,lightrainsnow,4,-1.1805977456194041,2021.0,Sunday,a_turf,outdoors,0.0,19.0,47.5,12.0,67.0,-0.19767799330260818,0.5714285714285714,0.1639540375087455,0.5408447240343791
2021_09_HOU_MIA,HOU,0.2727272727272727,noprecip,9,-0.3736581393899472,2021.0,Sunday,grass ,outdoors,0.0,4.0,45.0,19.0,72.0,-0.21335562689380547,0.7272727272727273,-0.28317872039625597,0.6825827903309744
2021_11_HOU_TEN,HOU,0.6129032258064516,noprecip,11,-0.012359958843990089,2021.0,Sunday,grass ,outdoors,1.0,10.5,44.5,8.0,59.0,-0.16831580631130671,0.3870967741935484,-0.3410693528056859,0.722304330052514
2021_15_HOU_JAX,HOU,0.45614035087719296,noprecip,15,0.11301517526762342,2021.0,Sunday,grass,outdoors,1.0,6.0,40.0,12.0,80.0,-0.2083047231529855,0.543859649122807,-0.4490927907373368,0.6167676767676767
2021_17_HOU_SF,HOU,0.43548387096774194,noprecip,17,-0.45819080420825864,2021.0,Sunday,grass,outdoors,0.0,14.0,44.0,6.0,50.0,-0.13584151109644288,0.564516129032258,0.21508496334040816,0.5516569200779727
2022_10_HOU_NYG,HOU,0.31666666666666665,noprecip,10,0.12708874216914207,2022.0,Sunday,fieldturf,outdoors,0.0,5.5,41.5,15.0,50.0,-0.07810618128291946,0.6833333333333333,-0.1975576628877647,0.581583445793972
2022_12_HOU_MIA,HOU,0.25,noprecip,12,-0.4898677292714819,2022.0,Sunday,grass,outdoors,0.0,14.0,47.0,13.0,84.0,-0.13411546106045388,0.75,-0.2164021575305616,0.6129703188789585
2022_16_HOU_TEN,HOU,0.4603174603174603,noprecip,16,-0.009970559301691188,2022.0,Saturday,grass,outdoors,1.0,3.0,34.0,14.0,22.0,-0.39261334049464275,0.5396825396825398,-0.07234406934522677,0.5311913295784264
2021_04_IND_MIA,IND,0.46875,noprecip,4,0.29160676274333275,2021.0,Sunday,grass ,outdoors,0.0,2.5,41.5,16.0,85.0,0.021224672431043645,0.53125,-0.10714587303819861,0.6199051922736133
2021_05_IND_BAL,IND,0.40625,noprecip,5,0.4347178082250155,2021.0,Monday,grass,outdoors,0.0,7.5,46.5,6.0,69.0,0.12098719815397889,0.59375,-0.012409814375631193,0.6071737107921319
2021_07_IND_SF,IND,0.5409836065573771,noprecip,7,-0.14907107605295836,2021.0,Sunday,grass,outdoors,0.0,3.5,41.5,16.0,64.0,0.15414119660040584,0.4590163934426229,0.3430445844872101,0.5310283687943262
2021_11_IND_BUF,IND,0.696969696969697,noprecip,11,0.27725536778082716,2021.0,Sunday,a_turf,outdoors,0.0,7.5,49.5,12.0,49.0,0.17447700591463977,0.303030303030303,0.057554185992545755,0.6107030759573132
2022_09_IND_NE,IND,0.36666666666666664,noprecip,9,-0.774451363463808,2022.0,Sunday,fieldturf,outdoors,0.0,5.0,40.0,13.0,78.0,-0.14586340585166774,0.6333333333333333,0.019509731387098096,0.6607963008937437
2022_17_IND_NYG,IND,0.48214285714285715,noprecip,17,-0.30375125173637635,2022.0,Sunday,fieldturf,outdoors,0.0,5.5,38.5,14.0,52.0,-0.22464484433565649,0.5178571428571428,-0.3907585375255518,0.5919137866963954
2021_04_JAX_CIN,JAX,0.5454545454545454,noprecip,4,0.25625793535960795,2021.0,Thursday,fieldturf,outdoors,0.0,7.5,46.0,0.0,65.0,0.08097177802368344,0.4545454545454546,-0.27984451243906183,0.6720800222117167
2021_05_TEN_JAX,JAX,0.4626865671641791,noprecip,5,-0.21531306478293202,2021.0,Sunday,grass ,outdoors,1.0,4.0,49.0,11.0,78.0,0.09973055294692162,0.5373134328358209,-0.16982238172784037,0.5648887060651767
2021_06_MIA_JAX,JAX,0.3064516129032258,noprecip,6,0.21828853450204572,2021.0,Sunday,grass,outdoors,0.0,2.5,47.5,11.0,63.0,0.11014085449567168,0.6935483870967742,-0.10655789329974774,0.5152350137424765
2021_08_JAX_SEA,JAX,0.2465753424657534,noprecip,8,-0.1399978498272088,2021.0,Sunday,fieldturf,outdoors,0.0,4.0,44.0,8.0,54.0,0.010117584731288543,0.7534246575342466,0.08641113502624072,0.5618024248260166
2021_09_BUF_JAX,JAX,0.4642857142857143,noprecip,9,-0.06947864394327845,2021.0,Sunday,grass ,outdoors,0.0,14.5,48.0,16.0,59.0,-0.09049391573984313,0.5357142857142857,-0.04567412670269819,0.6614288258222806
2021_11_SF_JAX,JAX,0.36363636363636365,noprecip,11,-0.11126770537521234,2021.0,Sunday,grass ,outdoors,0.0,6.5,45.0,17.0,68.0,-0.1039243283745686,0.6363636363636364,-0.12585364977393604,0.6360621874320505
2021_12_ATL_JAX,JAX,0.3888888888888889,noprecip,12,-0.04636092373267298,2021.0,Sunday,grass ,outdoors,0.0,1.5,46.0,4.0,61.0,-0.06872702961861199,0.6111111111111112,-0.11627693495660389,0.5970418470418469
2021_14_JAX_TEN,JAX,0.1568627450980392,noprecip,14,-0.3782740989551057,2021.0,Sunday,grass ,outdoors,1.0,8.5,44.5,0.0,45.0,-0.25293038278830804,0.8431372549019608,-0.08499509761996071,0.5976430976430976
2021_15_HOU_JAX,JAX,0.38461538461538464,noprecip,15,-0.1270939332058957,2021.0,Sunday,grass,outdoors,1.0,-6.0,40.0,12.0,80.0,-0.4671218486924906,0.6153846153846154,-0.1739972288132585,0.6665676371558725
2021_16_JAX_NYJ,JAX,0.43661971830985913,noprecip,16,0.1027155927307096,2021.0,Sunday,fieldturf,outdoors,0.0,2.5,42.5,0.0,47.0,-0.47792758684792913,0.5633802816901409,-0.20090823197099938,0.6679921385803739
2021_17_JAX_NE,JAX,0.3695652173913043,noprecip,17,-0.4163847094217306,2021.0,Sunday,fieldturf,outdoors,0.0,17.5,42.0,4.0,46.0,-0.21120828792529278,0.6304347826086957,-0.13421747981009707,0.6739673839922391
2022_09_LV_JAX,JAX,0.5454545454545454,noprecip,9,0.44775909735860003,2022.0,Sunday,grass,outdoors,0.0,2.5,47.5,14.0,81.0,0.1698334855065,0.4545454545454546,-0.053371152218943695,0.5439953643343474
2022_10_JAX_KC,JAX,0.26229508196721313,noprecip,10,0.15629999584463164,2022.0,Sunday,grass,outdoors,0.0,10.0,51.5,7.0,33.0,0.0417675949761431,0.7377049180327868,0.09182535115681385,0.5429681429681429
2022_12_BAL_JAX,JAX,0.3225806451612903,noprecip,12,0.35367945943398676,2022.0,Sunday,grass,outdoors,0.0,3.5,43.0,19.0,77.0,0.03438728911264769,0.6774193548387097,0.060458907591419093,0.566647560090183
2022_14_JAX_TEN,JAX,0.3582089552238806,noprecip,14,0.4223646034020677,2022.0,Sunday,grass,outdoors,1.0,3.0,42.0,8.0,54.0,-0.2243742509330715,0.6417910447761195,0.12111794786656864,0.6919461861952607
2022_15_DAL_JAX,JAX,0.38571428571428573,noprecip,15,0.24809143084220997,2022.0,Sunday,grass,outdoors,0.0,4.0,48.5,9.0,54.0,-0.28244444861027246,0.6142857142857143,0.209806150385714,0.659974895109705
2022_16_JAX_NYJ,JAX,0.5294117647058824,lightrainsnow,16,0.06204316254094067,2022.0,Thursday,fieldturf,outdoors,0.0,2.5,36.5,17.0,43.0,-0.11596201325745943,0.47058823529411764,0.17461014085512172,0.6389303482587065
2021_04_KC_PHI,KC,0.5,noprecip,4,0.7333192152615194,2021.0,Sunday,grass ,outdoors,0.0,-7.5,53.5,8.0,73.0,-0.02456088292279403,0.5,0.3793740223820428,0.6293054063730755
2021_05_BUF_KC,KC,0.2911392405063291,noprecip,5,-0.17633851396909048,2021.0,Sunday,grass ,outdoors,0.0,-2.5,57.0,0.0,76.0,0.07035083355622855,0.7088607594936709,0.45800580220091663,0.5793054063730755
2021_06_KC_WAS,KC,0.358974358974359,noprecip,6,0.24668812395609252,2021.0,Sunday,grass ,outdoors,0.0,-6.0,54.0,13.0,62.0,0.08705368698190537,0.641025641025641,0.21429979024726117,0.6047079724628025
2021_07_KC_TEN,KC,0.1791044776119403,noprecip,7,-0.11857049772333261,2021.0,Sunday,grass ,outdoors,0.0,-4.0,57.5,14.0,74.0,0.042826240215608546,0.8208955223880597,0.267889608416174,0.616628800173104
2021_08_NYG_KC,KC,0.34210526315789475,noprecip,8,-0.03435858511453171,2021.0,Monday,grass ,outdoors,0.0,-10.5,53.0,4.0,39.0,-0.07366628801690613,0.6578947368421053,-0.016073629245443338,0.7235939743024572
2021_09_GB_KC,KC,0.3770491803278688,noprecip,9,-0.23557093029323,2021.0,Sunday,grass ,outdoors,0.0,-7.0,48.0,12.0,51.0,3.931559855393137e-05,0.6229508196721312,0.03125301370607625,0.7066053000852687
2021_11_DAL_KC,KC,0.375,noprecip,11,-0.18927263536194278,2021.0,Sunday,grass ,outdoors,0.0,-2.5,56.0,17.0,57.0,0.028196074751139662,0.625,0.0990664858188721,0.6566782485678085
2021_13_DEN_KC,KC,0.4230769230769231,noprecip,13,-0.086173066310752,2021.0,Sunday,grass ,outdoors,1.0,-8.5,46.5,22.0,58.0,0.033123866706725257,0.5769230769230769,0.04742846906973508,0.6457133362871068
2021_14_LV_KC,KC,0.5,noprecip,14,0.5740337715980743,2021.0,Sunday,grass ,outdoors,1.0,-10.0,48.0,19.0,47.0,0.047876627151731105,0.5,0.09722775706389442,0.6303707553707554
2021_16_PIT_KC,KC,0.5223880597014925,noprecip,16,0.4966558590638858,2021.0,Sunday,grass,outdoors,0.0,-10.5,44.0,22.0,60.0,0.08227070767517763,0.4776119402985075,0.22743176319990907,0.5977803291236127
2021_17_KC_CIN,KC,0.39655172413793105,noprecip,17,0.3240795701974455,2021.0,Sunday,fieldturf,outdoors,0.0,-3.5,51.0,13.0,33.0,0.06774515701410407,0.603448275862069,0.4217080716581217,0.5646766169154228
2022_09_TEN_KC,KC,0.21739130434782608,noprecip,9,0.023200372729699895,2022.0,Sunday,grass,outdoors,0.0,-14.0,45.0,7.0,54.0,0.07298352207794995,0.782608695652174,0.3840586385827736,0.686268241934671
2022_10_JAX_KC,KC,0.4262295081967213,noprecip,10,0.5727111813362828,2022.0,Sunday,grass,outdoors,0.0,-10.0,51.5,7.0,33.0,0.14450183092518878,0.5737704918032787,0.29336850861715724,0.720084667055444
2022_12_LA_KC,KC,0.4166666666666667,noprecip,12,0.1770344731588502,2022.0,Sunday,grass,outdoors,0.0,-16.5,42.0,6.0,44.0,0.05151636164520509,0.5833333333333333,0.3305758262201315,0.643383226419577
2022_13_KC_CIN,KC,0.46296296296296297,noprecip,13,0.09419262129744835,2022.0,Sunday,fieldturf,outdoors,0.0,-2.5,53.0,2.0,57.0,-0.0032575474246869774,0.537037037037037,0.3818538596965149,0.5769581056466303
2022_14_KC_DEN,KC,0.3125,noprecip,14,0.13106471957653287,2022.0,Sunday,grass,outdoors,1.0,-8.5,44.5,4.0,55.0,0.175088100968151,0.6875,0.22234767301690342,0.5647136207245497
2022_16_SEA_KC,KC,0.43137254901960786,noprecip,16,0.07537224055953681,2022.0,Saturday,grass,outdoors,0.0,-10.5,50.5,9.0,12.0,0.13694940071019737,0.5686274509803921,0.16211374746682486,0.5986552028218695
2022_17_DEN_KC,KC,0.27586206896551724,noprecip,17,0.2534326683030501,2022.0,Sunday,grass,outdoors,1.0,-13.5,46.0,2.0,47.0,-0.02031482764848394,0.7241379310344828,0.15584028722085433,0.6091853408029878
2021_05_LA_SEA,LA,0.42424242424242425,noprecip,5,0.3698849667156243,2021.0,Thursday,fieldturf,outdoors,1.0,-2.5,53.5,8.0,56.0,-0.1708496768632443,0.5757575757575757,0.29872553294055365,0.6022681932517998
2021_06_LA_NYG,LA,0.5076923076923077,noprecip,6,0.46825498223097406,2021.0,Sunday,fieldturf,outdoors,0.0,-7.5,49.5,13.0,61.0,-0.08452393686137655,0.49230769230769234,0.2937022865716847,0.6219651629487695
2021_10_LA_SF,LA,0.18518518518518517,noprecip,10,-0.2584503910475522,2021.0,Monday,grass,outdoors,1.0,-3.5,50.0,0.0,59.0,-0.044545339847267475,0.8148148148148149,0.11895832031142234,0.6543953043953045
2021_12_LA_GB,LA,0.3114754098360656,noprecip,12,-0.06493807979159338,2021.0,Sunday,grass ,outdoors,0.0,-2.0,47.0,14.0,37.0,0.033180819120148884,0.6885245901639344,-0.08418094357822868,0.6871113537780205
2021_17_LA_BAL,LA,0.3392857142857143,noprecip,17,0.16310799200786893,2021.0,Sunday,grass,outdoors,0.0,-7.0,47.0,6.0,59.0,-0.003735981966607821,0.6607142857142857,0.03415601125741221,0.5688883430224624
2022_09_LA_TB,LA,0.42592592592592593,noprecip,9,-0.1510399566305593,2022.0,Sunday,grass,outdoors,0.0,3.0,43.0,2.0,88.0,-0.22990130665047329,0.5740740740740741,-0.04920143915436745,0.6531218951813215
2022_12_LA_KC,LA,0.5,noprecip,12,-0.382568218529707,2022.0,Sunday,grass,outdoors,0.0,16.5,42.0,6.0,44.0,-0.05763331262010474,0.5,-0.15765408713879372,0.5867456323601549
2022_15_LA_GB,LA,0.3953488372093023,noprecip,15,-0.13235318977120014,2022.0,Monday,grass,outdoors,0.0,8.0,39.5,4.0,15.0,-0.11195871909624062,0.6046511627906976,-0.1987739952978852,0.5400860909335486
2021_06_LAC_BAL,LAC,0.22641509433962265,noprecip,6,-0.34495128221134047,2021.0,Sunday,grass,outdoors,0.0,3.0,50.5,15.0,63.0,0.10282063032755918,0.7735849056603774,0.24544360091486886,0.628016069067046
2021_09_LAC_PHI,LAC,0.4153846153846154,noprecip,9,0.5905850144669189,2021.0,Sunday,grass ,outdoors,0.0,-1.0,49.5,11.0,54.0,0.13893663694058908,0.5846153846153845,-0.09116007852569631,0.7023060796645703
2021_12_LAC_DEN,LAC,0.26153846153846155,noprecip,12,-0.040828087334830926,2021.0,Sunday,grass ,outdoors,1.0,-2.5,47.5,0.0,62.0,0.060343678623503434,0.7384615384615385,0.2520100925428608,0.6302253302253302
2021_13_LAC_CIN,LAC,0.3548387096774194,noprecip,13,0.040339340772423425,2021.0,Sunday,fieldturf,outdoors,0.0,2.5,49.5,11.0,48.0,0.13340835040264118,0.6451612903225806,0.041539058608944184,0.6815073815073815
2022_10_LAC_SF,LAC,0.2857142857142857,noprecip,10,-0.1994575703720677,2022.0,Sunday,grass,outdoors,0.0,8.5,45.5,6.0,57.0,-0.14984839626369953,0.7142857142857143,-0.1143912668306229,0.7117477046407564
2021_06_LV_DEN,LV,0.43137254901960786,noprecip,6,0.5687696697426978,2021.0,Sunday,grass ,outdoors,1.0,5.0,45.5,8.0,76.0,-0.1802259432133296,0.5686274509803921,-0.09789031976753243,0.6333980572930563
2021_09_LV_NYG,LV,0.29850746268656714,noprecip,9,-0.1561725621023529,2021.0,Sunday,fieldturf,outdoors,0.0,-3.0,47.0,4.0,54.0,-0.05351172172273888,0.7014925373134329,0.289970657937671,0.5854529366832225
2021_14_LV_KC,LV,0.19672131147540983,noprecip,14,-0.2337162080366385,2021.0,Sunday,grass ,outdoors,1.0,10.0,48.0,19.0,47.0,-0.11005357414803618,0.8032786885245902,-0.04549183845691035,0.6296503670523826
2021_15_LV_CLE,LV,0.390625,noprecip,15,-0.026336854480973487,2021.0,Monday,grass,outdoors,0.0,-3.0,41.0,8.0,40.0,-0.2221971072782859,0.609375,-0.02115105049532316,0.6917361710286646
2022_09_LV_JAX,LV,0.3333333333333333,noprecip,9,0.2089492542581501,2022.0,Sunday,grass,outdoors,0.0,-2.5,47.5,14.0,81.0,-0.09164367672061863,0.6666666666666667,0.10910141393418732,0.6238411924608548
2022_11_LV_DEN,LV,0.3870967741935484,noprecip,11,0.1870291615739197,2022.0,Sunday,grass,outdoors,1.0,2.5,41.5,11.0,49.0,-0.36225175571734974,0.6129032258064516,-0.020884270755829614,0.6930846930846931
2022_12_LV_SEA,LV,0.5194805194805194,noprecip,12,0.36834375855254864,2022.0,Sunday,fieldturf,outdoors,0.0,4.0,47.5,8.0,44.0,-0.17630627837738685,0.48051948051948057,0.14814048060591556,0.6367797077474497
2022_16_LV_PIT,LV,0.36538461538461536,noprecip,16,-0.15920348256292216,2022.0,Saturday,grass,outdoors,0.0,2.5,38.5,21.0,9.0,0.04605284999693512,0.6346153846153846,-0.1333582758218744,0.49797572082602765
2021_04_IND_MIA,MIA,0.32653061224489793,noprecip,4,-0.016947900161722283,2021.0,Sunday,grass ,outdoors,0.0,-2.5,41.5,16.0,85.0,-0.14446904340574088,0.6734693877551021,-0.16849229594443363,0.6567735232331505
2021_05_MIA_TB,MIA,0.17647058823529413,noprecip,5,-0.02550359285269638,2021.0,Sunday,grass ,outdoors,0.0,11.0,48.0,7.0,84.0,-0.2364503896015665,0.8235294117647058,-0.18956796132988052,0.683984407586892
2021_06_MIA_JAX,MIA,0.29850746268656714,noprecip,6,0.23365882043974814,2021.0,Sunday,grass,outdoors,0.0,-2.5,47.5,11.0,63.0,-0.13463184025386007,0.7014925373134329,-0.03190664900983046,0.7169483177886539
2021_07_ATL_MIA,MIA,0.4142857142857143,noprecip,7,0.13664342142738123,2021.0,Sunday,grass ,outdoors,0.0,1.5,48.5,9.0,85.0,-0.13248815195086838,0.5857142857142856,0.06373577580844327,0.7328304456110803
2021_08_MIA_BUF,MIA,0.35384615384615387,noprecip,8,-0.03781656202267418,2021.0,Sunday,a_turf,outdoors,1.0,15.0,48.5,9.0,54.0,-0.02430455563492921,0.6461538461538461,0.11493288300481112,0.7035787449308081
2021_09_HOU_MIA,MIA,0.3472222222222222,noprecip,9,-0.06826849312629953,2021.0,Sunday,grass ,outdoors,0.0,-4.0,45.0,19.0,72.0,-0.10136302431562018,0.6527777777777778,0.11082855994815184,0.6444535563938548
2021_10_BAL_MIA,MIA,0.32786885245901637,noprecip,10,-0.0192529488072987,2021.0,Thursday,grass ,outdoors,0.0,8.5,46.5,4.0,77.0,-0.20980233526169503,0.6721311475409837,0.010186122092802619,0.6282153032153032
2021_11_MIA_NYJ,MIA,0.48484848484848486,noprecip,11,0.45651689001454754,2021.0,Sunday,fieldturf,outdoors,1.0,-3.5,44.5,4.0,52.0,-0.27401303672146154,0.5151515151515151,-0.04177933465209069,0.6570209238242025
2021_12_CAR_MIA,MIA,0.5285714285714286,noprecip,12,0.1939283539815209,2021.0,Sunday,grass ,outdoors,0.0,1.0,41.0,4.0,74.0,-0.22193839606833846,0.4714285714285714,0.12299848269364988,0.6133534801567588
2021_13_NYG_MIA,MIA,0.3582089552238806,noprecip,13,0.09641789454581319,2021.0,Sunday,grass ,outdoors,0.0,-6.5,40.0,11.0,80.0,-0.09479968672977936,0.6417910447761195,0.21039743172959002,0.5529037447070234
2021_15_NYJ_MIA,MIA,0.582089552238806,noprecip,15,-0.06282613561124716,2021.0,Sunday,grass,outdoors,1.0,-10.5,42.0,9.0,82.0,-0.13919769956517594,0.417910447761194,0.24895437951396063,0.5427903771187353
2021_17_MIA_TEN,MIA,0.2711864406779661,noprecip,17,-0.3646477782632281,2021.0,Sunday,grass,outdoors,0.0,3.0,41.0,13.0,43.0,-0.19365540660283934,0.728813559322034,0.047501682663620294,0.5170756387553758
2022_09_MIA_CHI,MIA,0.4,noprecip,9,0.6325478906330608,2022.0,Sunday,grass,outdoors,0.0,-4.0,46.0,17.0,58.0,-0.144978298590993,0.6,0.1907564247625684,0.6421503470683799
2022_10_CLE_MIA,MIA,0.46875,noprecip,10,0.5181099951062519,2022.0,Sunday,grass,outdoors,0.0,-3.0,49.0,7.0,85.0,-0.131305547913002,0.53125,0.43144627690472265,0.5989071038251366
2022_12_HOU_MIA,MIA,0.3382352941176471,noprecip,12,0.10326611570554126,2022.0,Sunday,grass,outdoors,0.0,-14.0,47.0,13.0,84.0,0.05279990560051018,0.6617647058823529,0.5510835929531434,0.584733606557377
2022_13_MIA_SF,MIA,0.17777777777777778,noprecip,13,-0.38681420392463683,2022.0,Sunday,grass,outdoors,0.0,4.5,46.0,6.0,38.0,-0.14904045294282095,0.8222222222222222,0.41797466714828474,0.597671568627451
2022_15_MIA_BUF,MIA,0.43103448275862066,noprecip,15,-0.05956103479301343,2022.0,Saturday,a_turf,outdoors,1.0,7.0,44.0,4.0,29.0,-0.12292545398753042,0.5689655172413793,-0.1826512835900371,0.6987439420212529
2022_16_GB_MIA,MIA,0.4,noprecip,16,0.03527425172899492,2022.0,Sunday,grass,outdoors,0.0,-3.5,49.0,14.0,45.0,0.1987303325051153,0.6,-0.23692700042288864,0.6678108791409284
2022_17_MIA_NE,MIA,0.391304347826087,noprecip,17,-0.02189133937177089,2022.0,Sunday,fieldturf,outdoors,1.0,3.0,41.5,2.0,53.0,0.17991915892598134,0.6086956521739131,-0.09623084853834472,0.5937368050668543
2021_06_MIN_CAR,MIN,0.43529411764705883,noprecip,6,0.16383624765335714,2021.0,Sunday,grass ,outdoors,0.0,-2.5,45.5,7.0,62.0,-0.22736255253447477,0.5647058823529412,0.13109189371975127,0.5783211404068673
2021_09_MIN_BAL,MIN,0.46153846153846156,noprecip,9,0.2738062447920178,2021.0,Sunday,grass,outdoors,0.0,7.5,51.0,8.0,56.0,-0.16464039522244725,0.5384615384615384,0.00817979549778806,0.5789760348583878
2021_12_MIN_SF,MIN,0.33962264150943394,noprecip,12,0.010171638088653604,2021.0,Sunday,grass,outdoors,0.0,3.5,49.0,7.0,68.0,0.022504727824928416,0.6603773584905661,0.3344606738747646,0.5576365663322185
2021_15_MIN_CHI,MIN,0.55,noprecip,15,-0.24594146806049985,2021.0,Monday,grass,outdoors,1.0,-7.0,48.0,8.0,37.0,-0.055714594601814306,0.44999999999999996,-0.07113207344168475,0.5798340939397096
2021_17_MIN_GB,MIN,0.21153846153846154,noprecip,17,-0.30900360977033664,2021.0,Sunday,grass,outdoors,1.0,13.0,42.0,9.0,11.0,-0.004127208575326373,0.7884615384615384,-0.16007697769011336,0.5192826191622532
2022_09_MIN_WAS,MIN,0.3384615384615385,noprecip,9,-0.0029452756300105947,2022.0,Sunday,grass,outdoors,0.0,-3.0,43.5,11.0,71.0,0.05761767075324816,0.6615384615384615,0.03792762950506605,0.6215430616691121
2022_10_MIN_BUF,MIN,0.3076923076923077,noprecip,10,0.08994078248691242,2022.0,Sunday,a_turf,outdoors,0.0,6.5,47.0,11.0,38.0,-0.06342397108032365,0.6923076923076923,-0.07212287311942427,0.6429818081078585
2022_17_MIN_GB,MIN,0.3508771929824561,noprecip,17,-0.3107513752034957,2022.0,Sunday,grass,outdoors,1.0,3.0,47.5,7.0,39.0,-0.40680863906940173,0.6491228070175439,0.11011480168628944,0.7304294327550142
2021_04_TB_NE,NE,0.1320754716981132,rainsnow,4,-0.022118143712007696,2021.0,Sunday,fieldturf,outdoors,0.0,6.0,49.5,4.0,62.0,-0.07289576153845208,0.8679245283018868,-0.09346866531648335,0.6358395989974938
2021_06_DAL_NE,NE,0.5102040816326531,noprecip,6,-0.13520647356986995,2021.0,Sunday,fieldturf,outdoors,0.0,3.5,50.5,11.0,62.0,-0.2875976874400399,0.4897959183673469,-0.014019353004070645,0.7083557951482481
2021_07_NYJ_NE,NE,0.4084507042253521,noprecip,7,0.6163473846618813,2021.0,Sunday,fieldturf,outdoors,1.0,-7.0,43.0,0.0,52.0,-0.21727443711727293,0.5915492957746479,0.04709021498827795,0.6192401488897445
2021_09_NE_CAR,NE,0.6428571428571429,noprecip,9,-0.18054181198782998,2021.0,Sunday,grass ,outdoors,0.0,-3.5,41.5,16.0,61.0,0.145089510112941,0.3571428571428571,0.12087586326909457,0.5248928491584427
2021_10_CLE_NE,NE,0.5333333333333333,noprecip,10,0.8532270837746946,2021.0,Sunday,fieldturf,outdoors,0.0,-2.5,45.5,6.0,48.0,0.12036539661852448,0.4666666666666667,0.10576408379644124,0.4806751620836127
2021_12_TEN_NE,NE,0.40350877192982454,noprecip,12,0.42181131547900647,2021.0,Sunday,fieldturf,outdoors,0.0,-7.5,43.0,6.0,33.0,0.06254422538131847,0.5964912280701755,0.19378838036423662,0.4441938178780284
2021_13_NE_BUF,NE,0.9375,noprecip,13,0.011864912075300993,2021.0,Monday,a_turf,outdoors,1.0,3.0,40.0,27.0,36.0,0.0383096074802482,0.0625,0.3945727561865154,0.5239766081871345
2021_16_BUF_NE,NE,0.45,noprecip,16,-0.0938473706976794,2021.0,Sunday,fieldturf,outdoors,1.0,-1.0,43.5,13.0,38.0,-0.09207433959144262,0.55,0.13907380101534214,0.4555611785874944
2021_17_JAX_NE,NE,0.5142857142857142,noprecip,17,0.6555051720414431,2021.0,Sunday,fieldturf,outdoors,0.0,-17.5,42.0,4.0,46.0,0.028872488965047127,0.48571428571428577,-0.0328124277102198,0.44006410256410255
2022_09_IND_NE,NE,0.4426229508196721,noprecip,9,-0.3772977686670447,2022.0,Sunday,fieldturf,outdoors,0.0,-5.0,40.0,13.0,78.0,-0.05804571205502133,0.5573770491803278,-0.07301642028186639,0.5890369607768372
2022_11_NYJ_NE,NE,0.4406779661016949,noprecip,11,-0.03901028637355335,2022.0,Sunday,fieldturf,outdoors,1.0,-3.5,38.5,2.0,42.0,-0.16661789359853038,0.5593220338983051,-0.27664196716389927,0.581280923406839
2022_13_BUF_NE,NE,0.27450980392156865,noprecip,13,0.020793332784497985,2022.0,Thursday,fieldturf,outdoors,1.0,3.5,43.5,2.0,35.0,-0.22356086860888522,0.7254901960784313,-0.08954023889769107,0.6253194474459641
2022_16_CIN_NE,NE,0.28846153846153844,noprecip,16,0.04272948221714434,2022.0,Saturday,fieldturf,outdoors,0.0,3.0,42.0,2.0,21.0,0.035397753877126126,0.7115384615384616,-0.11177945828124251,0.6333644568938687
2022_17_MIA_NE,NE,0.34545454545454546,noprecip,17,-0.08865558402247134,2022.0,Sunday,fieldturf,outdoors,1.0,-3.0,41.5,2.0,53.0,-0.051232674454641434,0.6545454545454545,-0.10446740847036039,0.6287138787138787
2021_05_NO_WAS,NO,0.4074074074074074,noprecip,5,0.22432354957345516,2021.0,Sunday,grass ,outdoors,0.0,-2.5,43.5,12.0,70.0,-0.09472440781456858,0.5925925925925926,-0.05500321558558555,0.47301587301587306
2021_07_NO_SEA,NO,0.4393939393939394,rainsnow,7,-0.167738941147716,2021.0,Monday,fieldturf,outdoors,0.0,-6.0,42.0,16.0,54.0,-0.014722960364241143,0.5606060606060606,0.25880904408611155,0.4641975308641975
2021_10_NO_TEN,NO,0.3387096774193548,noprecip,10,0.1499956602214986,2021.0,Sunday,grass ,outdoors,0.0,3.0,44.0,12.0,53.0,-0.03129784086114548,0.6612903225806452,-0.07959654210470274,0.5859297197325367
2021_11_NO_PHI,NO,0.3387096774193548,noprecip,11,-0.20134399288192376,2021.0,Sunday,grass ,outdoors,0.0,2.5,42.5,4.0,51.0,0.02269289734749155,0.6612903225806452,0.026314991685035472,0.6194911403907316
2021_14_NO_NYJ,NO,0.6470588235294118,noprecip,14,0.15808514895840925,2021.0,Sunday,fieldturf,outdoors,0.0,-4.5,42.0,13.0,46.0,-0.16094808767552024,0.3529411764705882,-0.3138762416187723,0.6211420322662664
2021_15_NO_TB,NO,0.5166666666666667,noprecip,15,-0.12762455608203127,2021.0,Sunday,grass,outdoors,1.0,11.5,45.5,0.0,75.0,-0.07309240600144377,0.4833333333333333,-0.19406652767199462,0.5183589835629141
2022_10_NO_PIT,NO,0.3333333333333333,noprecip,10,-0.07213241401089646,2022.0,Sunday,grass,outdoors,0.0,1.0,39.5,15.0,37.0,-0.10110047772487006,0.6666666666666667,0.08341820751113367,0.6286470143613001
2022_12_NO_SF,NO,0.41509433962264153,noprecip,12,-0.17753054865733592,2022.0,Sunday,grass,outdoors,0.0,9.5,44.0,2.0,59.0,-0.39660318925785015,0.5849056603773585,0.033465271076509075,0.6510456034265558
2022_13_NO_TB,NO,0.44642857142857145,noprecip,13,0.1666505864528796,2022.0,Monday,grass,outdoors,1.0,3.5,41.0,2.0,69.0,-0.43907618994652253,0.5535714285714286,0.011152406492641922,0.6147216398788726
2022_16_NO_CLE,NO,0.7169811320754716,noprecip,16,-0.3341695574965948,2022.0,Saturday,grass,outdoors,0.0,3.0,32.0,27.0,6.0,-0.31496247077415396,0.28301886792452835,0.18483389446398424,0.5091219926125586
2022_17_NO_PHI,NO,0.515625,noprecip,17,-0.14611343944401953,2022.0,Sunday,grass,outdoors,0.0,5.5,41.5,11.0,54.0,-0.19199907313380615,0.484375,0.13262089151756462,0.40849306179494854
2021_06_LA_NYG,NYG,0.24324324324324326,noprecip,6,-0.26253011510291735,2021.0,Sunday,fieldturf,outdoors,0.0,7.5,49.5,13.0,61.0,-0.1305387175721484,0.7567567567567568,0.15616088665196312,0.614412568306011
2021_07_CAR_NYG,NYG,0.4375,noprecip,7,-0.028326533804207583,2021.0,Sunday,fieldturf,outdoors,0.0,3.0,42.5,0.0,57.0,-0.19447001048620263,0.5625,0.02575297746721154,0.6739564872249298
2021_08_NYG_KC,NYG,0.34545454545454546,noprecip,8,-0.012992547841549585,2021.0,Monday,grass ,outdoors,0.0,10.5,53.0,4.0,39.0,-0.23408408583327056,0.6545454545454545,-0.12017808701987305,0.6428772522522522
2021_09_LV_NYG,NYG,0.5660377358490566,noprecip,9,-0.08955099939149132,2021.0,Sunday,fieldturf,outdoors,0.0,3.0,47.0,4.0,54.0,-0.205978929409847,0.4339622641509434,-0.10128306558289146,0.6579340704340705
2021_11_NYG_TB,NYG,0.24074074074074073,noprecip,11,-0.5374182028153983,2021.0,Monday,grass ,outdoors,0.0,11.5,49.5,6.0,68.0,-0.12224414657648704,0.7592592592592593,-0.04362336034574946,0.5503359062321326
2021_12_PHI_NYG,NYG,0.45614035087719296,noprecip,12,0.11534286030509999,2021.0,Sunday,fieldturf,outdoors,1.0,4.0,45.5,4.0,39.0,-0.017532527235203738,0.543859649122807,-0.2133205833494797,0.6159223259852191
2021_13_NYG_MIA,NYG,0.27419354838709675,noprecip,13,-0.27587418679613473,2021.0,Sunday,grass ,outdoors,0.0,6.5,40.0,11.0,80.0,-0.05698366058625379,0.7258064516129032,-0.17054211396726318,0.5790270575110033
2021_15_DAL_NYG,NYG,0.39344262295081966,noprecip,15,-0.406466015169927,2021.0,Sunday,fieldturf,outdoors,1.0,11.5,43.0,8.0,37.0,0.0718378137185404,0.6065573770491803,-0.17244102467188616,0.620191730548267
2021_16_NYG_PHI,NYG,0.3698630136986301,noprecip,16,-0.4370486557865819,2021.0,Sunday,grass,outdoors,1.0,11.0,41.0,9.0,53.0,0.10066873489052452,0.6301369863013699,-0.3463773164968951,0.6410909731903914
2021_17_NYG_CHI,NYG,0.7272727272727273,noprecip,17,-2.370987976237667,2021.0,Sunday,grass,outdoors,0.0,7.0,36.5,13.0,25.0,-0.01937542859105552,0.2727272727272727,-0.40010213949371093,0.6092011514198804
2022_10_HOU_NYG,NYG,0.696969696969697,noprecip,10,0.5938777845178267,2022.0,Sunday,fieldturf,outdoors,0.0,-5.5,41.5,15.0,50.0,-0.02513786247990481,0.303030303030303,0.13036472203011748,0.5102602905569007
2022_11_DET_NYG,NYG,0.3561643835616438,noprecip,11,-0.04329404242038023,2022.0,Sunday,fieldturf,outdoors,0.0,-3.0,44.0,21.0,35.0,-0.010226742970650555,0.6438356164383562,0.21875102521822234,0.4361291486291486
2022_13_WAS_NYG,NYG,0.46774193548387094,noprecip,13,-0.06885681266335054,2022.0,Sunday,fieldturf,outdoors,1.0,2.5,40.0,9.0,40.0,-0.00445699252685059,0.532258064516129,0.14242112850656283,0.5239553064895531
2022_14_PHI_NYG,NYG,0.375,noprecip,14,-0.1919892275571303,2022.0,Sunday,fieldturf,outdoors,1.0,7.5,44.5,6.0,37.0,-0.03268488260488119,0.625,-0.0784904038871629,0.6003645603181617
2022_15_NYG_WAS,NYG,0.4576271186440678,noprecip,15,0.03586354925118412,2022.0,Sunday,grass,outdoors,1.0,4.5,40.5,13.0,35.0,0.01556378598104848,0.5423728813559322,-0.12805546559941294,0.5940860215053764
2022_17_IND_NYG,NYG,0.6065573770491803,noprecip,17,0.271652495872501,2022.0,Sunday,fieldturf,outdoors,0.0,-5.5,38.5,14.0,52.0,0.16908623636431486,0.39344262295081966,-0.07543918446878838,0.6179800151783456
2021_04_TEN_NYJ,NYJ,0.4067796610169492,noprecip,4,0.2597501772152437,2021.0,Sunday,fieldturf,outdoors,0.0,5.5,44.5,9.0,78.0,-0.12188564871354372,0.5932203389830508,-0.47273230511787584,0.6722110688190212
2021_05_NYJ_ATL,NYJ,0.33962264150943394,noprecip,5,-0.13721174912034886,2021.0,Sunday,grass,outdoors,0.0,3.0,45.5,8.0,63.0,-0.15397293485840655,0.6603773584905661,-0.3278286039528096,0.6333920420284253
2021_07_NYJ_NE,NYJ,0.2903225806451613,noprecip,7,-0.056271226248764815,2021.0,Sunday,fieldturf,outdoors,1.0,7.0,43.0,0.0,52.0,-0.1206059387572042,0.7096774193548387,-0.1600321194000176,0.6694382262018975
2021_08_CIN_NYJ,NYJ,0.3116883116883117,noprecip,8,0.06369163069708923,2021.0,Sunday,fieldturf,outdoors,0.0,11.5,43.5,11.0,63.0,-0.13179937544775197,0.6883116883116883,0.022089067282043368,0.6544250389428186
2021_10_BUF_NYJ,NYJ,0.3142857142857143,noprecip,10,-0.1914956475044399,2021.0,Sunday,fieldturf,outdoors,1.0,13.0,47.0,4.0,47.0,-0.16707293767796225,0.6857142857142857,0.13068983241571444,0.7059963692221757
2021_11_MIA_NYJ,NYJ,0.3050847457627119,noprecip,11,0.02280951415264285,2021.0,Sunday,fieldturf,outdoors,1.0,3.5,44.5,4.0,52.0,-0.1177625269117729,0.6949152542372881,0.08561502533048941,0.698008658008658
2021_13_PHI_NYJ,NYJ,0.2857142857142857,noprecip,13,0.026291206405952006,2021.0,Sunday,fieldturf,outdoors,0.0,5.0,44.0,0.0,45.0,0.08254417891549874,0.7142857142857143,-0.16786968962489554,0.6107474810591267
2021_14_NO_NYJ,NYJ,0.27419354838709675,noprecip,14,-0.34234196218507984,2021.0,Sunday,fieldturf,outdoors,0.0,4.5,42.0,13.0,46.0,0.10717056829715721,0.7258064516129032,-0.09527407165476488,0.6202712905829363
2021_15_NYJ_MIA,NYJ,0.4444444444444444,noprecip,15,-0.4126948990601954,2021.0,Sunday,grass,outdoors,1.0,10.5,42.0,9.0,82.0,-0.05442965323489867,0.5555555555555556,-0.2169912304340058,0.630568356374808
2021_16_JAX_NYJ,NYJ,0.6101694915254238,noprecip,16,-0.03308310056148046,2021.0,Sunday,fieldturf,outdoors,0.0,-2.5,42.5,0.0,47.0,-0.07410804812419838,0.38983050847457623,-0.2429152182797744,0.665215907151391
2021_17_TB_NYJ,NYJ,0.43333333333333335,noprecip,17,0.2438919732577282,2021.0,Sunday,fieldturf,outdoors,0.0,14.5,48.0,9.0,57.0,0.026026080593268885,0.5666666666666667,-0.2627066539355852,0.5570641718810116
2022_09_BUF_NYJ,NYJ,0.55,noprecip,9,-0.06607504968621682,2022.0,Sunday,fieldturf,outdoors,1.0,11.0,46.0,17.0,69.0,0.009403335985119629,0.44999999999999996,-0.20467551285153351,0.5663572060123784
2022_11_NYJ_NE,NYJ,0.46938775510204084,noprecip,11,-0.47680391861089977,2022.0,Sunday,fieldturf,outdoors,1.0,3.5,38.5,2.0,42.0,0.008287541148559693,0.5306122448979591,-0.16306136706484178,0.5830238726790452
2022_12_CHI_NYJ,NYJ,0.5,rainsnow,12,0.4851421655667541,2022.0,Sunday,fieldturf,outdoors,0.0,-8.5,36.5,9.0,50.0,-0.16019027853191528,0.5,-0.1988671551048299,0.5739971850809288
2022_14_NYJ_BUF,NYJ,0.3013698630136986,rainsnow,14,-0.1050791897737928,2022.0,Sunday,a_turf,outdoors,1.0,10.0,43.5,11.0,36.0,-0.05689656721417971,0.6986301369863014,-0.04551740474006699,0.580485206130645
2022_15_DET_NYJ,NYJ,0.36065573770491804,noprecip,15,0.018579995346690713,2022.0,Sunday,fieldturf,outdoors,0.0,-2.0,44.0,13.0,38.0,-0.04366114256866615,0.639344262295082,0.07839083820563533,0.6364911701600925
2022_16_JAX_NYJ,NYJ,0.35714285714285715,lightrainsnow,16,-0.3311082189381228,2022.0,Thursday,fieldturf,outdoors,0.0,-2.5,36.5,17.0,43.0,-0.11814972813373596,0.6428571428571428,-0.07712988520105246,0.6829392575917864
2022_17_NYJ_SEA,NYJ,0.2537313432835821,noprecip,17,-0.3780606139887606,2022.0,Sunday,fieldturf,outdoors,0.0,-1.0,43.0,2.0,45.0,-0.2482648967039439,0.7462686567164178,-0.13920247112174158,0.6602771807128421
2021_04_KC_PHI,PHI,0.2714285714285714,noprecip,4,0.27098990990614835,2021.0,Sunday,grass ,outdoors,0.0,7.5,53.5,8.0,73.0,-0.08845586402677452,0.7285714285714286,0.04130084957836916,0.5895667460297142
2021_05_PHI_CAR,PHI,0.3333333333333333,noprecip,5,-0.40363552090364563,2021.0,Sunday,grass ,outdoors,0.0,2.5,46.0,13.0,76.0,-0.04081256703422287,0.6666666666666667,0.012481753189777364,0.6582945356530262
2021_06_TB_PHI,PHI,0.3958333333333333,noprecip,6,-0.22675342729060505,2021.0,Thursday,grass ,outdoors,0.0,7.0,53.0,8.0,74.0,-0.0431270871483601,0.6041666666666667,-0.09485238877658848,0.722941000299491
2021_09_LAC_PHI,PHI,0.6842105263157895,noprecip,9,0.31185103473976894,2021.0,Sunday,grass ,outdoors,0.0,1.0,49.5,11.0,54.0,0.20372234639331147,0.3157894736842105,-0.007443681814237481,0.4701931318975678
2021_10_PHI_DEN,PHI,0.5901639344262295,noprecip,10,0.20286171165347042,2021.0,Sunday,grass ,outdoors,0.0,1.0,44.5,19.0,57.0,0.13142075079176904,0.4098360655737705,0.17209113886255387,0.3740674009034157
2021_11_NO_PHI,PHI,0.64,noprecip,11,0.019580232210569995,2021.0,Sunday,grass ,outdoors,0.0,-2.5,42.5,4.0,51.0,0.18421216009284078,0.36,0.20222552360800647,0.32930687374173134
2021_12_PHI_NYG,PHI,0.515625,noprecip,12,-0.5610766635753305,2021.0,Sunday,fieldturf,outdoors,1.0,-4.0,45.5,4.0,39.0,0.08915095616526152,0.484375,0.17809765953460313,0.3618751797526603
2021_13_PHI_NYJ,PHI,0.6029411764705882,noprecip,13,0.5259653154015185,2021.0,Sunday,fieldturf,outdoors,0.0,-5.0,44.0,0.0,45.0,0.08155505640030003,0.3970588235294118,-0.11287823990376333,0.41807035519125685
2021_15_WAS_PHI,PHI,0.5857142857142857,noprecip,15,0.207340263196835,2021.0,Tuesday,grass,outdoors,1.0,-10.0,39.5,7.0,42.0,0.06363163887873309,0.41428571428571426,-0.00517703865441399,0.41381127450980393
2021_16_NYG_PHI,PHI,0.5,noprecip,16,0.043494969290091744,2021.0,Sunday,grass,outdoors,1.0,-11.0,41.0,9.0,53.0,0.08507159679811782,0.5,0.057409638341007686,0.43190651260504204
2021_17_PHI_WAS,PHI,0.55,noprecip,17,0.2796089421114685,2021.0,Sunday,grass,outdoors,1.0,-6.5,44.5,4.0,62.0,0.03241633650687418,0.44999999999999996,0.25893351596281505,0.43711484593837535
2022_10_WAS_PHI,PHI,0.425531914893617,noprecip,10,-0.37552721116312476,2022.0,Monday,grass,outdoors,1.0,-11.0,43.0,6.0,43.0,0.10616356338791422,0.574468085106383,0.2835196512338914,0.5252159756074608
2022_12_GB_PHI,PHI,0.6153846153846154,noprecip,12,-0.19068148190041834,2022.0,Sunday,grass,outdoors,0.0,-6.5,46.0,24.0,62.0,0.15762468945411562,0.3846153846153846,-0.17882404085842332,0.5190803592014331
2022_13_TEN_PHI,PHI,0.3582089552238806,noprecip,13,0.44408684980589913,2022.0,Sunday,grass,outdoors,0.0,-5.0,44.5,7.0,60.0,0.2518309700524288,0.6417910447761195,-0.31841907755103654,0.47788658030273606
2022_14_PHI_NYG,PHI,0.46153846153846156,noprecip,14,0.15675774993890906,2022.0,Sunday,fieldturf,outdoors,1.0,-7.5,44.5,6.0,37.0,0.21306200610649953,0.5384615384615384,-0.04521439056136193,0.5003275668593149
2022_15_PHI_CHI,PHI,0.45714285714285713,noprecip,15,-0.11439716611882116,2022.0,Sunday,grass,outdoors,0.0,-8.5,48.0,17.0,17.0,0.4079005716029463,0.5428571428571429,0.13672103928146329,0.5216226559510141
2022_17_NO_PHI,PHI,0.2830188679245283,noprecip,17,-0.29861819735980966,2022.0,Sunday,grass,outdoors,0.0,-5.5,41.5,11.0,54.0,0.11818585766293278,0.7169811320754718,0.16074067120011898,0.5516160310277958
2021_04_PIT_GB,PIT,0.27586206896551724,noprecip,4,-0.25039333657695373,2021.0,Sunday,grass ,outdoors,0.0,6.5,45.0,4.0,67.0,-0.19264087132553973,0.7241379310344828,-0.034715109551930905,0.7363469863469865
2021_05_DEN_PIT,PIT,0.5666666666666667,noprecip,5,0.3595587429538589,2021.0,Sunday,grass ,outdoors,0.0,2.0,40.0,9.0,71.0,-0.10220022371699633,0.43333333333333335,-0.1100627367548478,0.7597775787430959
2021_06_SEA_PIT,PIT,0.4142857142857143,noprecip,6,-0.0267345137489355,2021.0,Sunday,grass ,outdoors,0.0,-5.5,43.0,6.0,49.0,-0.05065786751937395,0.5857142857142856,-0.011694250330211764,0.6542220231875405
2021_08_PIT_CLE,PIT,0.44285714285714284,noprecip,8,0.06789443714250923,2021.0,Sunday,grass ,outdoors,1.0,5.5,43.0,13.0,57.0,0.04953085849732733,0.5571428571428572,0.027476964209323215,0.5810618500273672
2021_09_CHI_PIT,PIT,0.484375,noprecip,9,0.12738646616090102,2021.0,Monday,grass ,outdoors,0.0,-7.0,40.0,7.0,55.0,0.01746341834157735,0.515625,0.13357288878247753,0.5253968253968254
2021_10_DET_PIT,PIT,0.375,noprecip,10,-0.25471272434149506,2021.0,Sunday,grass ,outdoors,0.0,-9.0,43.0,12.0,37.0,-0.004880451179132915,0.625,0.05618212985149157,0.5528273809523809
2021_12_PIT_CIN,PIT,0.2542372881355932,noprecip,12,-0.33222435587586924,2021.0,Sunday,fieldturf,outdoors,1.0,3.5,43.5,12.0,43.0,-0.04524840829820557,0.7457627118644068,-0.0387240985737354,0.6212339743589743
2021_13_BAL_PIT,PIT,0.42105263157894735,noprecip,13,0.28132865506789084,2021.0,Sunday,grass ,outdoors,1.0,4.0,44.0,7.0,50.0,-0.09394221846294491,0.5789473684210527,-0.19192770591932548,0.6979465449804433
2021_15_TEN_PIT,PIT,0.36363636363636365,noprecip,15,-0.27321048336477183,2021.0,Sunday,grass,outdoors,0.0,-1.0,44.0,11.0,32.0,-0.09114906974322738,0.6363636363636364,-0.07366305075024686,0.6606176458094389
2021_16_PIT_KC,PIT,0.36231884057971014,noprecip,16,-0.4023416946851018,2021.0,Sunday,grass,outdoors,0.0,10.5,44.0,22.0,60.0,-0.07198100403608484,0.6376811594202898,-0.053991759913214386,0.624151287309182
2021_17_CLE_PIT,PIT,0.38461538461538464,noprecip,17,-0.36381541361200914,2021.0,Monday,grass,outdoors,1.0,1.0,43.5,12.0,25.0,-0.05386042154108713,0.6153846153846154,-0.28188187649754526,0.6437292176422611
2022_10_NO_PIT,PIT,0.5384615384615384,noprecip,10,-0.0729992601843309,2022.0,Sunday,grass,outdoors,0.0,-1.0,39.5,15.0,37.0,0.043301295243732774,0.46153846153846156,-0.058074388724232956,0.6204268147937141
2022_11_CIN_PIT,PIT,0.35294117647058826,noprecip,11,-0.05038912040544317,2022.0,Sunday,grass,outdoors,1.0,3.5,39.0,12.0,27.0,0.1461822271080641,0.6470588235294117,-0.16133328381140707,0.5934820081878905
2022_14_BAL_PIT,PIT,0.37735849056603776,noprecip,14,0.08149547214731953,2022.0,Sunday,grass,outdoors,1.0,-1.5,37.0,12.0,42.0,0.09179110421658854,0.6226415094339622,0.09179721916722301,0.5207235879426397
2022_15_PIT_CAR,PIT,0.6567164179104478,noprecip,15,0.4505898518432136,2022.0,Sunday,grass,outdoors,0.0,2.5,36.5,7.0,47.0,0.06872335473915082,0.34328358208955223,0.13575875001814394,0.5125844832441566
2022_16_LV_PIT,PIT,0.4090909090909091,noprecip,16,0.03516621038371364,2022.0,Saturday,grass,outdoors,0.0,-2.5,38.5,21.0,9.0,0.031440267874485,0.5909090909090908,0.28601541179914247,0.46780836384117147
2022_17_PIT_BAL,PIT,0.5735294117647058,noprecip,17,0.14341833566296475,2022.0,Sunday,grass,outdoors,1.0,1.0,35.5,2.0,44.0,-0.024273826048684204,0.42647058823529416,0.18908384479141557,0.5189447274775351
2021_04_SEA_SF,SEA,0.5,noprecip,4,-0.1756412698797734,2021.0,Sunday,grass,outdoors,1.0,2.5,52.0,0.0,80.0,0.05487912567080911,0.5,0.24346554436951132,0.5994194484760523
2021_05_LA_SEA,SEA,0.4166666666666667,noprecip,5,0.06304344277634717,2021.0,Thursday,fieldturf,outdoors,1.0,2.5,53.5,8.0,56.0,0.0874980380657489,0.5833333333333333,0.029599359235282435,0.6025641025641026
2021_06_SEA_PIT,SEA,0.41935483870967744,noprecip,6,-0.2340709988292598,2021.0,Sunday,grass ,outdoors,0.0,5.5,43.0,6.0,49.0,-0.004400528023839019,0.5806451612903225,-0.03056243004400439,0.5790598290598291
2021_07_NO_SEA,SEA,0.5,rainsnow,7,-0.14596588931716528,2021.0,Monday,fieldturf,outdoors,0.0,6.0,42.0,16.0,54.0,-0.016663782691063167,0.5,-0.11555627531089535,0.5546594982078853
2021_08_JAX_SEA,SEA,0.4807692307692308,noprecip,8,0.23364329113705434,2021.0,Sunday,fieldturf,outdoors,0.0,-4.0,44.0,8.0,54.0,-0.06185094592266122,0.5192307692307692,-0.10566448179002597,0.5546594982078853
2021_10_SEA_GB,SEA,0.2711864406779661,noprecip,10,-0.4759762500680786,2021.0,Sunday,grass ,outdoors,0.0,3.0,49.5,11.0,35.0,-0.02735743816542166,0.728813559322034,-0.04879786566979025,0.5332919768403639
2021_11_ARI_SEA,SEA,0.3877551020408163,noprecip,11,-0.16225871866883246,2021.0,Sunday,fieldturf,outdoors,1.0,-2.5,46.0,0.0,46.0,-0.04099984367555867,0.6122448979591837,-0.12943294941606318,0.5826814428509343
2021_12_SEA_WAS,SEA,0.2608695652173913,noprecip,12,-0.009811651629738075,2021.0,Monday,grass ,outdoors,0.0,-1.0,47.0,9.0,41.0,-0.02258104522570585,0.7391304347826086,-0.13486389253328557,0.620096408837329
2021_13_SF_SEA,SEA,0.3880597014925373,noprecip,13,-0.1572781228928873,2021.0,Sunday,fieldturf,outdoors,1.0,3.0,44.5,4.0,41.0,-0.07032723079358244,0.6119402985074627,-0.21601554012221638,0.6933962973546087
2021_16_CHI_SEA,SEA,0.4528301886792453,rainsnow,16,0.06327944344228656,2021.0,Sunday,fieldturf,outdoors,0.0,-7.0,41.0,11.0,25.0,0.07085691005395268,0.5471698113207547,0.01598013939982053,0.5844832441565756
2021_17_DET_SEA,SEA,0.5652173913043478,rainsnow,17,0.5078848733796089,2021.0,Sunday,fieldturf,outdoors,0.0,-8.5,41.5,0.0,37.0,0.12810349296791348,0.4347826086956522,0.08949932817821182,0.5628930817610063
2022_12_LV_SEA,SEA,0.3548387096774194,noprecip,12,0.20106691158677056,2022.0,Sunday,fieldturf,outdoors,0.0,-4.0,47.5,8.0,44.0,-0.04965122979569609,0.6451612903225806,0.00074909495848736,0.620486445944498
2022_14_CAR_SEA,SEA,0.2641509433962264,noprecip,14,-0.011795387283425142,2022.0,Sunday,fieldturf,outdoors,0.0,-3.5,44.5,4.0,45.0,-0.19096644086880732,0.7358490566037736,0.18433700997711736,0.6808421621336707
2022_16_SEA_KC,SEA,0.4246575342465753,noprecip,16,-0.43264679723323585,2022.0,Saturday,grass,outdoors,0.0,10.5,50.5,9.0,12.0,-0.10035098974254797,0.5753424657534247,-0.028788597476004162,0.7260719532941541
2022_17_NYJ_SEA,SEA,0.5352112676056338,noprecip,17,-0.07455275630878835,2022.0,Sunday,fieldturf,outdoors,0.0,1.0,43.0,2.0,45.0,-0.06116045168898681,0.46478873239436624,-0.2548761172634273,0.693894441878629
2021_04_SEA_SF,SF,0.410958904109589,noprecip,4,0.15443403272830666,2021.0,Sunday,grass,outdoors,1.0,-2.5,52.0,0.0,80.0,-0.03911938909166223,0.589041095890411,0.320884796992694,0.5430091920657959
2021_07_IND_SF,SF,0.4339622641509434,noprecip,7,-0.447513784387624,2021.0,Sunday,grass,outdoors,0.0,-3.5,41.5,16.0,64.0,-0.015247193712666649,0.5660377358490566,-0.016599197655207714,0.597129300542349
2021_08_SF_CHI,SF,0.45098039215686275,noprecip,8,0.5639296781441768,2021.0,Sunday,grass ,outdoors,0.0,-4.5,40.0,12.0,53.0,-0.06633506411484406,0.5490196078431373,-0.17083349780530588,0.5601675201843422
2021_09_ARI_SF,SF,0.19642857142857142,lightrainsnow,9,-0.09825563203495667,2021.0,Sunday,grass,outdoors,1.0,-5.5,44.5,8.0,57.0,0.059513217690452785,0.8035714285714286,-0.03433494933334913,0.5468270241685843
2021_10_LA_SF,SF,0.6825396825396826,noprecip,10,0.7705063594997459,2021.0,Monday,grass,outdoors,1.0,3.5,50.0,0.0,59.0,0.040460355461874535,0.31746031746031744,0.006053420573865334,0.6395429240878742
2021_11_SF_JAX,SF,0.625,noprecip,11,0.41824192618538486,2021.0,Sunday,grass ,outdoors,0.0,-6.5,45.0,17.0,68.0,0.015585258583670445,0.375,0.4120601352029887,0.5566837846249612
2021_12_MIN_SF,SF,0.5692307692307692,noprecip,12,0.11631498622792714,2021.0,Sunday,grass,outdoors,0.0,-3.5,49.0,7.0,68.0,-0.07899134576443934,0.4307692307692308,0.36349755121672467,0.49867724867724866
2021_13_SF_SEA,SF,0.43636363636363634,noprecip,13,0.05631334137042952,2021.0,Sunday,fieldturf,outdoors,1.0,-3.0,44.5,4.0,41.0,0.023143501217085482,0.5636363636363637,0.4350210906376859,0.3744098494098494
2021_14_SF_CIN,SF,0.3333333333333333,noprecip,14,0.14657893404279815,2021.0,Sunday,fieldturf,outdoors,0.0,-2.5,49.0,9.0,48.0,0.04209560582351083,0.6666666666666667,0.19695675126124712,0.4564685314685315
2021_15_ATL_SF,SF,0.5714285714285714,noprecip,15,0.48388437379056337,2021.0,Sunday,grass,outdoors,0.0,-9.5,48.0,0.0,46.0,0.03767694803317241,0.4285714285714286,0.10640242054705157,0.5536907536907537
2021_16_SF_TEN,SF,0.3620689655172414,noprecip,16,0.09118374169049774,2021.0,Thursday,grass,outdoors,0.0,-3.5,45.5,7.0,48.0,0.04276487085992035,0.6379310344827587,0.228925549734597,0.552958152958153
2021_17_HOU_SF,SF,0.6065573770491803,noprecip,17,0.35241668058470793,2021.0,Sunday,grass,outdoors,0.0,-14.0,44.0,6.0,50.0,0.0837615934318177,0.39344262295081966,0.24054901650795305,0.5777230432402847
2022_10_LAC_SF,SF,0.5797101449275363,noprecip,10,0.15604544567390502,2022.0,Sunday,grass,outdoors,0.0,-8.5,45.5,6.0,57.0,-0.20351766962916537,0.42028985507246375,0.2560584755015283,0.6651001374870907
2022_12_NO_SF,SF,0.4153846153846154,noprecip,12,0.034167662635794495,2022.0,Sunday,grass,outdoors,0.0,-9.5,44.0,2.0,59.0,0.042419260218792214,0.5846153846153845,0.4492510515032024,0.5017516300124996
2022_13_MIA_SF,SF,0.40789473684210525,noprecip,13,0.05413230245125885,2022.0,Sunday,grass,outdoors,0.0,-4.5,46.0,6.0,38.0,0.018088409379248573,0.5921052631578947,0.2500546521428297,0.5107259889868585
2022_14_TB_SF,SF,0.603448275862069,noprecip,14,0.3356215905008394,2022.0,Sunday,grass,outdoors,0.0,-3.5,38.0,8.0,54.0,-0.00659568380238347,0.39655172413793105,0.21608360440194763,0.5679977916820022
2022_16_WAS_SF,SF,0.5098039215686274,noprecip,16,0.26906199935996633,2022.0,Saturday,grass,outdoors,0.0,-6.5,37.5,2.0,54.0,0.046710455827393006,0.4901960784313726,0.21267784595309414,0.4847247428917121
2021_04_TB_NE,TB,0.38028169014084506,rainsnow,4,0.05102744648538855,2021.0,Sunday,fieldturf,outdoors,0.0,-6.0,49.5,4.0,62.0,-0.08051136577805403,0.619718309859155,0.143351263837709,0.7607873115888313
2021_05_MIA_TB,TB,0.3283582089552239,noprecip,5,0.7171797341324713,2021.0,Sunday,grass ,outdoors,0.0,-11.0,48.0,7.0,84.0,0.08952994995419049,0.6716417910447761,0.108509579586292,0.7069434148752163
2021_06_TB_PHI,TB,0.4,noprecip,6,0.3213278674929393,2021.0,Thursday,grass ,outdoors,0.0,-7.0,53.0,8.0,74.0,0.09906771765268925,0.6,0.3317202242284571,0.7027538364515452
2021_07_CHI_TB,TB,0.44285714285714284,rainsnow,7,0.22076704362858274,2021.0,Sunday,grass ,outdoors,0.0,-12.5,47.0,7.0,83.0,0.16317067686160633,0.5571428571428572,0.36317834937026633,0.6304533669679769
2021_10_TB_WAS,TB,0.2765957446808511,noprecip,10,-0.08510989902201264,2021.0,Sunday,grass ,outdoors,0.0,-10.0,51.0,8.0,47.0,0.026197977992450983,0.7234042553191489,0.1829663982814691,0.6343018563357546
2021_11_NYG_TB,TB,0.33783783783783783,noprecip,11,0.13645817630832016,2021.0,Monday,grass ,outdoors,0.0,-11.5,49.5,6.0,68.0,0.017948807327456417,0.6621621621621622,0.047487142776485136,0.6754366081088042
2021_14_BUF_TB,TB,0.36,noprecip,14,0.20841545464089942,2021.0,Sunday,grass ,outdoors,0.0,-3.5,52.5,4.0,82.0,0.09600416582219345,0.64,0.11778993474131501,0.668000451101077
2021_15_NO_TB,TB,0.2876712328767123,noprecip,15,-0.31521576032068055,2021.0,Sunday,grass,outdoors,1.0,-11.5,45.5,0.0,75.0,0.11374847823573618,0.7123287671232876,0.1417756941855081,0.6606130637136896
2021_16_TB_CAR,TB,0.49206349206349204,noprecip,16,0.27942964737146014,2021.0,Sunday,grass,outdoors,1.0,-11.5,44.5,8.0,73.0,-0.09243497005638752,0.5079365079365079,0.0668764314907625,0.7045075989913446
2021_17_TB_NYJ,TB,0.3055555555555556,noprecip,17,0.44357243913458333,2021.0,Sunday,fieldturf,outdoors,0.0,-14.5,48.0,9.0,57.0,-0.027027537579201715,0.6944444444444444,0.05754311389722625,0.6200884250199319
2022_09_LA_TB,TB,0.2564102564102564,noprecip,9,-0.08004330121876979,2022.0,Sunday,grass,outdoors,0.0,-3.0,43.0,2.0,88.0,-0.2273794800192903,0.7435897435897436,0.08600410383951296,0.7057194334234183
2022_12_TB_CLE,TB,0.30303030303030304,rainsnow,12,-0.037121922919473443,2022.0,Sunday,grass,outdoors,0.0,-3.0,42.0,14.0,56.0,-0.15000253859714446,0.696969696969697,0.13031436986597775,0.6422338993496489
2022_13_NO_TB,TB,0.25675675675675674,noprecip,13,-0.016980689729455715,2022.0,Monday,grass,outdoors,1.0,-3.5,41.0,2.0,69.0,-0.13275797026599084,0.7432432432432432,0.07852754625866863,0.6272453037158919
2022_14_TB_SF,TB,0.2465753424657534,noprecip,14,-0.1721225690388333,2022.0,Sunday,grass,outdoors,0.0,3.5,38.0,8.0,54.0,-0.020013434791849347,0.7534246575342466,0.09954841675510666,0.6271298036003918
2022_15_CIN_TB,TB,0.352112676056338,noprecip,15,0.09828386420227517,2022.0,Sunday,grass,outdoors,0.0,3.5,47.0,6.0,66.0,-0.09293463343398023,0.647887323943662,-0.0754083938959209,0.7312125325823956
2022_17_CAR_TB,TB,0.3333333333333333,noprecip,17,0.2438253346731529,2022.0,Sunday,grass,outdoors,1.0,-3.5,40.5,2.0,75.0,-0.2926451112836134,0.6666666666666667,-0.03750162231796259,0.6748962016181773
2021_04_TEN_NYJ,TEN,0.39361702127659576,noprecip,4,0.004528154326713338,2021.0,Sunday,fieldturf,outdoors,0.0,-5.5,44.5,9.0,78.0,0.020256866199515233,0.6063829787234043,-0.10755037241716851,0.539380081300813
2021_05_TEN_JAX,TEN,0.5901639344262295,noprecip,5,0.2631582034543298,2021.0,Sunday,grass ,outdoors,1.0,-4.0,49.0,11.0,78.0,0.10016830574878734,0.4098360655737705,0.025971045028664486,0.5227577408752812
2021_06_BUF_TEN,TEN,0.42,noprecip,6,0.241659383147539,2021.0,Monday,grass ,outdoors,0.0,6.0,53.5,6.0,66.0,0.13611849559111677,0.5800000000000001,0.05604560050210639,0.48457301476572495
2021_07_KC_TEN,TEN,0.5483870967741935,noprecip,7,0.5348835689305593,2021.0,Sunday,grass ,outdoors,0.0,4.0,57.5,14.0,74.0,0.1915941311778934,0.4516129032258065,0.16978191364286058,0.532073014765725
2021_10_NO_TEN,TEN,0.48214285714285715,noprecip,10,0.08408335126164923,2021.0,Sunday,grass ,outdoors,0.0,-3.0,44.0,12.0,53.0,-0.040037836912076005,0.5178571428571428,0.1971803344252918,0.5164354182168337
2021_11_HOU_TEN,TEN,0.31645569620253167,noprecip,11,-0.18498115012685232,2021.0,Sunday,grass ,outdoors,1.0,-10.5,44.5,8.0,59.0,-0.08412721543801142,0.6835443037974683,0.04691359520232175,0.5385168314272791
2021_12_TEN_NE,TEN,0.6229508196721312,noprecip,12,-0.4091785919253497,2021.0,Sunday,fieldturf,outdoors,0.0,7.5,43.0,6.0,33.0,-0.13976307514727437,0.3770491803278688,-0.08073134900363844,0.5822853307030522
2021_14_JAX_TEN,TEN,0.4696969696969697,noprecip,14,0.021615239214772913,2021.0,Sunday,grass ,outdoors,1.0,-8.5,44.5,0.0,45.0,-0.10474992495621747,0.5303030303030303,-0.17002546359685103,0.52615020899416
2021_15_TEN_PIT,TEN,0.5384615384615384,noprecip,15,-0.44688312468733815,2021.0,Sunday,grass,outdoors,0.0,1.0,44.0,11.0,32.0,-0.010397976363113936,0.46153846153846156,-0.1908481676124765,0.5302988381427891
2021_16_SF_TEN,TEN,0.41379310344827586,noprecip,16,0.20632674210532276,2021.0,Thursday,grass,outdoors,0.0,3.5,45.5,7.0,48.0,0.05477288745658074,0.5862068965517242,-0.27814882579930506,0.4562968907231202
2021_17_MIA_TEN,TEN,0.6779661016949152,noprecip,17,0.07938760916686528,2021.0,Sunday,grass,outdoors,0.0,-3.0,41.0,13.0,43.0,-0.031214913078046774,0.3220338983050848,-0.07298038112241428,0.5260161294644053
2022_09_TEN_KC,TEN,0.5957446808510638,noprecip,9,-0.2926869368529879,2022.0,Sunday,grass,outdoors,0.0,14.0,45.0,7.0,54.0,-0.00628589104876411,0.4042553191489362,-0.22551692100846346,0.37064704772684404
2022_10_DEN_TEN,TEN,0.38333333333333336,noprecip,10,0.12952647863807593,2022.0,Sunday,grass,outdoors,0.0,-2.5,40.0,9.0,36.0,0.02127683240052089,0.6166666666666667,-0.31659574626559994,0.34410849819584427
2022_11_TEN_GB,TEN,0.47540983606557374,noprecip,11,0.5416445744922384,2022.0,Thursday,grass,outdoors,0.0,3.0,40.5,11.0,25.0,-0.02079041240053725,0.5245901639344263,-0.32665023426102296,0.41633072041806646
2022_12_CIN_TEN,TEN,0.375,noprecip,12,0.19023885337365523,2022.0,Sunday,grass,outdoors,0.0,1.0,43.0,14.0,56.0,-0.15073542207934343,0.625,0.12616137209244202,0.5151707165833431
2022_13_TEN_PHI,TEN,0.39622641509433965,noprecip,13,-0.36920939228378685,2022.0,Sunday,grass,outdoors,0.0,5.0,44.5,7.0,60.0,-0.22568509623140917,0.6037735849056604,0.287136635501323,0.588752276867031
2022_14_JAX_TEN,TEN,0.31746031746031744,noprecip,14,-0.19270208775408082,2022.0,Sunday,grass,outdoors,1.0,-3.0,42.0,8.0,54.0,-0.09022854295639567,0.6825396825396826,0.12089134519403548,0.5844545829466955
2022_16_HOU_TEN,TEN,0.5344827586206896,noprecip,16,-0.6379444138513425,2022.0,Saturday,grass,outdoors,1.0,-3.0,34.0,14.0,22.0,0.04092073130782181,0.4655172413793104,-0.2626054556494332,0.6073425177198762
2022_17_DAL_TEN,TEN,0.36923076923076925,rainsnow,17,-0.2051142739831822,2022.0,Thursday,grass,outdoors,0.0,14.0,41.0,4.0,56.0,0.07059437614368337,0.6307692307692307,-0.3521837961719518,0.5612570698777596
2021_05_NO_WAS,WAS,0.42857142857142855,noprecip,5,-0.30248334552791295,2021.0,Sunday,grass ,outdoors,0.0,2.5,43.5,12.0,70.0,-0.06289329853492952,0.5714285714285714,0.17033647722522974,0.5773420479302832
2021_06_KC_WAS,WAS,0.3275862068965517,noprecip,6,-0.146565512497182,2021.0,Sunday,grass ,outdoors,0.0,6.0,54.0,13.0,62.0,-0.13155905573657437,0.6724137931034483,0.06383693030249438,0.5423280423280423
2021_07_WAS_GB,WAS,0.4117647058823529,noprecip,7,-0.26356154463128145,2021.0,Sunday,grass ,outdoors,0.0,8.5,48.0,11.0,49.0,-0.08198543979234857,0.5882352941176471,0.022488529601588814,0.5997993066958585
2021_08_WAS_DEN,WAS,0.35294117647058826,noprecip,8,-0.05986581840137794,2021.0,Sunday,grass ,outdoors,0.0,4.0,45.0,4.0,41.0,-0.008407034806076802,0.6470588235294117,-0.2375368008854589,0.6106925528832222
2021_10_TB_WAS,WAS,0.4861111111111111,noprecip,10,0.15782550879533266,2021.0,Sunday,grass ,outdoors,0.0,10.0,51.0,8.0,47.0,-0.009300836796623552,0.5138888888888888,-0.15666429184328057,0.6359026369168357
2021_11_WAS_CAR,WAS,0.6031746031746031,noprecip,11,0.5414125117310321,2021.0,Sunday,grass ,outdoors,0.0,3.5,43.0,0.0,54.0,0.034836558459608306,0.39682539682539686,-0.055200618079109025,0.5830610021786492
2021_12_SEA_WAS,WAS,0.5384615384615384,noprecip,12,0.17468993658649756,2021.0,Monday,grass ,outdoors,0.0,1.0,47.0,9.0,41.0,-0.015008112952935795,0.46153846153846156,0.21312406737499548,0.5192577030812324
2021_14_DAL_WAS,WAS,0.36507936507936506,noprecip,14,-0.8268583846442169,2021.0,Sunday,grass ,outdoors,1.0,6.5,48.0,17.0,48.0,-0.09247951237602288,0.6349206349206349,0.2981597716849701,0.45834350834350834
2021_15_WAS_PHI,WAS,0.3888888888888889,noprecip,15,-0.08334524565155907,2021.0,Tuesday,grass,outdoors,1.0,10.0,39.5,7.0,42.0,-0.02204579524807662,0.6111111111111112,-0.15793052710677957,0.5377085877085878
2021_17_PHI_WAS,WAS,0.36666666666666664,noprecip,17,-0.11758935117128419,2021.0,Sunday,grass,outdoors,1.0,6.5,44.5,4.0,62.0,-0.02286148140978907,0.6333333333333333,-0.46563100891930514,0.6355820105820106
2022_09_MIN_WAS,WAS,0.48333333333333334,noprecip,9,-0.3550271513690026,2022.0,Sunday,grass,outdoors,0.0,3.0,43.5,11.0,71.0,-0.05860230807290356,0.5166666666666666,-0.10807236006700875,0.49822910342036025
2022_10_WAS_PHI,WAS,0.6103896103896104,noprecip,10,0.0938360125249095,2022.0,Monday,grass,outdoors,1.0,11.0,43.0,6.0,43.0,-0.08117961999358907,0.38961038961038963,-0.11207112388472305,0.5099574984820886
2022_12_ATL_WAS,WAS,0.6101694915254238,rainsnow,12,0.10288657124631323,2022.0,Sunday,grass,outdoors,0.0,-3.5,40.5,9.0,46.0,-0.009471825764690356,0.38983050847457623,-0.0729527043980618,0.4364207103013073
2022_13_WAS_NYG,WAS,0.43209876543209874,noprecip,13,-0.006666508311744023,2022.0,Sunday,fieldturf,outdoors,1.0,-2.5,40.0,9.0,40.0,0.022141912701968424,0.5679012345679013,0.07968520314037682,0.39414199090394386
2022_15_NYG_WAS,WAS,0.4482758620689655,noprecip,15,-0.32880417530116507,2022.0,Sunday,grass,outdoors,1.0,-4.5,40.5,13.0,35.0,0.036269230972196,0.5517241379310345,0.0461843628614923,0.4535722725564478
2022_16_WAS_SF,WAS,0.4714285714285714,noprecip,16,0.1834743661940526,2022.0,Saturday,grass,outdoors,0.0,6.5,37.5,2.0,54.0,0.14508970193262338,0.5285714285714286,-0.07752803745553206,0.5031519603245039
2022_17_CLE_WAS,WAS,0.5441176470588235,noprecip,17,-0.26107323308054087,2022.0,Sunday,grass,outdoors,0.0,-1.0,41.5,9.0,59.0,-0.0638568640893894,0.4558823529411765,-0.05066543913961894,0.5493989336901215
